#!/bin/bash
# =============================================================================
# Secret Easter Egg — 04012006 (Elif)
# =============================================================================

clear
echo ""
echo ""
echo -e "\
\033[38;2;240;248;253m1\033[38;2;238;247;253m1\033[38;2;237;246;253m0\033[38;2;236;246;253m1\033[38;2;235;245;253m1\033[38;2;234;245;253m1\033[38;2;232;244;252m0\033[38;2;232;243;252m1\033[38;2;231;243;252m0\033[38;2;230;241;251m1\033[38;2;229;241;251m0\033[38;2;228;240;251m0\033[38;2;227;240;251m1\033[38;2;226;239;250m0\033[38;2;225;238;250m1\033[38;2;224;238;250m0\033[38;2;223;237;251m1\033[38;2;222;237;250m1\033[38;2;221;236;250m1\033[38;2;220;235;250m0\033[38;2;220;235;249m1\033[38;2;218;234;249m0\033[38;2;217;233;249m0\033[38;2;216;232;249m01\033[38;2;215;232;249m0\033[38;2;213;232;249m1\033[38;2;212;232;248m1\033[38;2;210;231;248m1\033[38;2;209;230;248m0\033[38;2;208;230;248m0\033[38;2;207;229;248m1\033[38;2;206;230;247m00\033[38;2;206;229;247m1\033[38;2;204;228;248m0\033[38;2;203;227;247m0\033[38;2;202;227;248m0\033[38;2;202;226;248m101\033[38;2;201;226;247m10\033[38;2;201;225;247m10\033[38;2;199;225;248m0\033[38;2;199;225;249m10\033[38;2;199;225;248m1\033[38;2;199;224;248m0\033[38;2;197;225;248m11\033[38;2;195;225;248m0\033[38;2;195;225;249m0\033[38;2;197;225;249m00\033[38;2;195;225;249m1110\033[38;2;195;224;249m111\033[38;2;194;224;250m0\033[38;2;193;224;251m001100\033[38;2;191;224;251m1\033[38;2;191;225;251m0\033[38;2;190;225;251m00\033[38;2;190;224;251m0\033[38;2;190;224;252m01\033[38;2;189;224;251m1\033[38;2;187;224;251m11\033[38;2;187;223;251m00\033[38;2;186;223;251m001\033[38;2;186;222;251m0\033[38;2;184;222;250m0011\033[38;2;184;221;250m1\033[38;2;184;221;251m0\033[38;2;183;221;251m0\033[38;2;182;221;251m0101\033[38;2;183;222;251m01\033[38;2;184;223;251m1\033[38;2;184;223;252m0\033[38;2;186;223;252m1\033[38;2;184;222;251m01\033[38;2;183;222;251m1\033[38;2;186;224;252m0\033[38;2;184;223;252m1\033[38;2;184;221;250m00\033[38;2;186;223;251m0\033[38;2;184;220;249m0\033[38;2;183;212;242m1\033[38;2;190;215;243m0\033[38;2;191;220;246m0\033[38;2;189;202;228m1\033[38;2;186;204;232m1\033[38;2;174;203;238m0\033[38;2;177;216;249m0\033[38;2;184;224;252m0\033[38;2;177;215;247m1\033[38;2;171;208;244m0\033[38;2;173;207;244m1\033[38;2;174;208;245m0\033[38;2;174;210;246m1\033[38;2;173;212;247m1\033[38;2;177;216;249m1\033[38;2;170;210;245m0\033[38;2;171;214;248m1\033[38;2;171;214;249m1\033[38;2;162;207;245m1\033[38;2;164;208;246m0\033[38;2;164;209;247m1\033[38;2;162;209;247m0\033[38;2;161;208;246m0\033[38;2;158;207;246m1\033[38;2;156;206;245m1\033[38;2;155;204;245m1\033[38;2;153;203;244m0\033[38;2;152;202;243m1\033[38;2;150;201;243m0\033[38;2;150;201;241m1\033[38;2;149;199;240m1\033[38;2;147;199;239m1\033[38;2;147;198;238m1\033[38;2;146;198;238m11\033[38;2;144;197;237m1\033[38;2;142;195;237m100\033[38;2;141;194;236m0\033[38;2;141;194;235m0\033[38;2;141;193;235m0\033[38;2;139;193;234m0\033[38;2;138;191;234m0\033[38;2;138;191;233m1\033[38;2;138;193;232m1\033[38;2;139;193;232m1\033[38;2;138;193;232m0\033[38;2;138;191;232m01\033[38;2;136;190;232m10110\033[38;2;136;190;230m0\033[38;2;136;190;229m1\033[38;2;135;189;229m10\033[38;2;133;189;228m11\033[38;2;133;189;229m1\033[38;2;133;187;228m0\033[38;2;133;187;229m0\033[0m\n\
\033[38;2;243;250;254m1\033[38;2;242;249;254m1\033[38;2;240;249;253m0\033[38;2;239;247;253m1\033[38;2;238;247;253m1\033[38;2;237;247;253m0\033[38;2;237;246;253m0\033[38;2;235;246;252m1\033[38;2;233;245;252m0\033[38;2;232;245;252m1\033[38;2;232;243;252m1\033[38;2;231;243;251m1\033[38;2;229;242;251m0\033[38;2;228;242;251m1\033[38;2;227;241;251m1\033[38;2;226;241;251m0\033[38;2;225;240;251m0\033[38;2;224;239;251m1\033[38;2;224;238;251m1\033[38;2;223;238;251m1\033[38;2;222;238;251m1\033[38;2;222;237;251m0\033[38;2;221;236;250m10\033[38;2;220;235;250m1\033[38;2;218;234;249m1\033[38;2;217;234;249m1\033[38;2;216;233;249m1\033[38;2;214;233;249m0\033[38;2;214;232;249m1\033[38;2;213;232;249m0\033[38;2;212;232;249m1\033[38;2;210;231;249m0\033[38;2;209;231;249m0\033[38;2;209;230;249m1\033[38;2;208;230;249m1\033[38;2;207;229;249m1\033[38;2;204;229;249m1\033[38;2;204;229;248m0\033[38;2;204;229;249m0\033[38;2;204;228;249m1\033[38;2;203;228;249m11\033[38;2;203;227;249m01101\033[38;2;202;226;249m0\033[38;2;201;227;249m0\033[38;2;199;227;249m1\033[38;2;198;227;249m011011\033[38;2;198;227;250m111\033[38;2;198;226;250m1\033[38;2;198;227;250m10\033[38;2;198;227;251m1\033[38;2;197;227;252m01000101\033[38;2;195;227;252m1\033[38;2;197;228;252m0\033[38;2;195;228;252m0\033[38;2;194;227;252m0000\033[38;2;193;227;252m0\033[38;2;191;226;252m1\033[38;2;191;225;252m01\033[38;2;190;225;251m0\033[38;2;189;225;251m01\033[38;2;189;224;251m1\033[38;2;187;224;251m110011\033[38;2;186;225;251m10\033[38;2;186;224;251m10\033[38;2;186;225;252m1\033[38;2;187;226;252m00\033[38;2;186;223;251m0\033[38;2;187;225;252m0\033[38;2;187;224;252m0\033[38;2;189;223;250m0\033[38;2;187;223;251m0\033[38;2;186;223;251m1\033[38;2;186;224;251m0\033[38;2;184;218;249m1\033[38;2;183;209;239m1\033[38;2;184;210;241m0\033[38;2;186;201;228m1\033[38;2;184;177;194m1\033[38;2;194;193;204m1\033[38;2;191;189;195m1\033[38;2;180;164;168m0\033[38;2;182;182;206m0\033[38;2;180;202;236m1\033[38;2;180;208;242m0\033[38;2;182;210;243m1\033[38;2;174;203;238m0\033[38;2;173;202;237m1\033[38;2;168;191;227m1\033[38;2;168;186;216m1\033[38;2;171;201;236m0\033[38;2;174;210;245m0\033[38;2;173;212;245m11\033[38;2;171;212;246m1\033[38;2;167;207;241m1\033[38;2;162;204;242m0\033[38;2;164;208;245m1\033[38;2;164;209;246m1\033[38;2;165;212;247m00\033[38;2;164;210;247m0\033[38;2;161;209;247m0\033[38;2;159;208;246m0\033[38;2;158;207;246m0\033[38;2;155;206;245m0\033[38;2;153;203;245m1\033[38;2;152;203;243m0\033[38;2;152;202;242m0\033[38;2;150;202;241m0\033[38;2;149;201;240m0\033[38;2;149;199;239m0\033[38;2;147;199;239m0\033[38;2;146;198;238m000\033[38;2;144;197;238m1\033[38;2;144;197;236m0\033[38;2;142;197;235m0\033[38;2;142;195;235m01\033[38;2;141;195;234m11\033[38;2;139;195;234m1\033[38;2;139;194;234m01\033[38;2;139;193;233m000\033[38;2;138;193;232m1\033[38;2;138;191;232m010000\033[38;2;136;191;231m1\033[38;2;136;190;231m1\033[38;2;135;190;231m0\033[38;2;135;190;230m0\033[38;2;135;189;230m1\033[38;2;133;189;231m0\033[0m\n\
\033[38;2;246;251;254m1\033[38;2;244;250;254m1\033[38;2;243;250;254m0\033[38;2;242;249;254m0\033[38;2;241;249;253m0\033[38;2;240;249;253m1\033[38;2;239;248;253m1\033[38;2;238;247;253m01\033[38;2;236;247;252m1\033[38;2;235;246;252m1\033[38;2;234;245;252m0\033[38;2;232;245;252m0\033[38;2;231;244;252m0\033[38;2;230;243;252m1\033[38;2;229;243;251m0\033[38;2;228;243;251m1\033[38;2;227;242;251m0\033[38;2;226;241;251m110\033[38;2;225;240;251m1\033[38;2;224;239;251m0\033[38;2;224;238;252m0\033[38;2;223;238;251m1\033[38;2;222;238;251m0\033[38;2;222;237;251m0\033[38;2;221;237;250m0\033[38;2;220;236;250m1\033[38;2;218;235;250m1\033[38;2;217;234;250m1\033[38;2;216;234;250m1\033[38;2;215;233;249m0\033[38;2;214;232;249m0\033[38;2;213;232;249m0\033[38;2;212;232;249m0\033[38;2;210;232;249m0\033[38;2;208;231;249m0\033[38;2;207;231;249m110\033[38;2;207;230;249m110\033[38;2;206;230;249m11\033[38;2;206;229;249m010\033[38;2;203;229;249m0\033[38;2;203;228;250m100\033[38;2;202;229;250m1010\033[38;2;201;229;251m0\033[38;2;202;230;251m0101\033[38;2;202;230;252m11\033[38;2;201;230;252m0\033[38;2;201;231;252m00\033[38;2;202;231;253m00101\033[38;2;201;231;253m0\033[38;2;198;229;252m1\033[38;2;197;227;251m0\033[38;2;198;229;252m1\033[38;2;199;231;253m0\033[38;2;198;230;253m10\033[38;2;197;230;253m0\033[38;2;198;230;253m0\033[38;2;197;230;253m1\033[38;2;197;229;252m1\033[38;2;194;229;252m0\033[38;2;193;229;252m1\033[38;2;193;228;252m1\033[38;2;191;228;252m1\033[38;2;191;227;252m01\033[38;2;191;226;252m001\033[38;2;190;226;252m1\033[38;2;190;227;252m11\033[38;2;190;228;252m00\033[38;2;190;228;253m0\033[38;2;190;228;252m01\033[38;2;189;224;250m1\033[38;2;182;212;241m0\033[38;2;187;217;245m0\033[38;2;186;214;242m0\033[38;2;193;220;244m0\033[38;2;191;220;245m1\033[38;2;190;214;239m1\033[38;2;187;212;241m0\033[38;2;189;206;232m0\033[38;2;190;209;236m0\033[38;2;184;184;201m1\033[38;2;162;139;142m0\033[38;2;152;127;125m0\033[38;2;152;128;122m1\033[38;2;174;165;171m1\033[38;2;161;156;170m0\033[38;2;165;170;189m1\033[38;2;167;167;183m1\033[38;2;167;176;199m0\033[38;2;165;173;193m1\033[38;2;156;161;180m0\033[38;2;152;156;176m1\033[38;2;150;149;161m0\033[38;2;152;162;186m0\033[38;2;159;174;202m0\033[38;2;174;190;215m0\033[38;2;176;195;221m1\033[38;2;168;191;218m1\033[38;2;165;194;226m1\033[38;2;162;198;233m1\033[38;2;164;204;241m0\033[38;2;165;209;245m1\033[38;2;167;209;246m0\033[38;2;164;208;245m1\033[38;2;162;208;245m0\033[38;2;162;209;245m0\033[38;2;161;209;246m01\033[38;2;159;208;246m1\033[38;2;156;207;245m1\033[38;2;156;206;244m0\033[38;2;155;204;243m1\033[38;2;153;204;242m1\033[38;2;152;203;241m0\033[38;2;150;202;241m0\033[38;2;150;201;240m0\033[38;2;149;201;240m0\033[38;2;147;199;239m01\033[38;2;147;199;238m1\033[38;2;146;198;237m101\033[38;2;144;197;236m11\033[38;2;141;197;236m0\033[38;2;141;197;235m1\033[38;2;139;197;235m0\033[38;2;139;195;234m1\033[38;2;141;195;234m1\033[38;2;141;194;234m0100\033[38;2;139;194;233m1\033[38;2;139;193;233m00000\033[38;2;138;191;233m1\033[38;2;138;191;232m10\033[38;2;136;190;232m1\033[38;2;135;191;232m1\033[0m\n\
\033[38;2;247;252;255m0\033[38;2;247;252;254m1\033[38;2;246;251;254m0\033[38;2;245;251;254m0\033[38;2;245;250;254m1\033[38;2;244;250;254m0\033[38;2;243;249;253m0\033[38;2;242;249;253m1\033[38;2;241;249;253m0\033[38;2;239;248;253m0\033[38;2;238;248;253m1\033[38;2;237;247;253m1\033[38;2;236;247;253m0\033[38;2;235;246;252m0\033[38;2;234;246;252m0\033[38;2;233;245;252m0\033[38;2;232;245;252m1\033[38;2;231;245;252m1\033[38;2;230;244;252m0\033[38;2;230;243;252m00\033[38;2;229;243;252m1\033[38;2;228;243;252m1\033[38;2;227;242;252m0\033[38;2;226;242;252m0\033[38;2;225;241;252m0\033[38;2;224;240;252m1\033[38;2;224;239;252m1\033[38;2;223;238;251m00\033[38;2;222;237;251m0\033[38;2;221;236;250m0\033[38;2;220;236;250m1\033[38;2;218;235;250m0\033[38;2;217;234;250m0\033[38;2;216;234;250m1\033[38;2;215;233;250m0\033[38;2;214;233;250m0\033[38;2;213;232;250m10\033[38;2;212;232;250m0\033[38;2;210;232;250m0\033[38;2;209;232;250m100\033[38;2;208;232;250m11\033[38;2;208;231;250m0\033[38;2;207;231;250m01\033[38;2;207;230;250m0010\033[38;2;207;230;251m1\033[38;2;207;231;251m1\033[38;2;208;231;251m0\033[38;2;207;231;251m0\033[38;2;207;232;252m0\033[38;2;206;232;252m1\033[38;2;207;233;252m1\033[38;2;207;233;253m1\033[38;2;208;234;253m0\033[38;2;207;234;253m01\033[38;2;207;235;253m1\033[38;2;207;234;253m0\033[38;2;206;234;253m0\033[38;2;206;233;253m00\033[38;2;206;234;253m1\033[38;2;206;233;253m0\033[38;2;203;232;253m1\033[38;2;202;232;253m1\033[38;2;201;226;249m0\033[38;2;199;227;250m0\033[38;2;203;232;253m1\033[38;2;204;233;253m0\033[38;2;202;232;253m0\033[38;2;201;232;253m10\033[38;2;202;233;254m11\033[38;2;201;233;254m1\033[38;2;199;232;253m0\033[38;2;198;232;253m0\033[38;2;197;232;253m1\033[38;2;197;231;253m0\033[38;2;195;230;253m0101111\033[38;2;197;231;253m0\033[38;2;195;231;253m0\033[38;2;193;227;252m0\033[38;2;190;225;250m0\033[38;2;187;218;246m0\033[38;2;190;218;245m1\033[38;2;191;214;239m0\033[38;2;183;190;210m1\033[38;2;179;180;195m1\033[38;2;179;182;197m1\033[38;2;176;174;187m0\033[38;2;168;167;176m0\033[38;2;164;162;174m1\033[38;2;165;164;179m0\033[38;2;176;174;190m1\033[38;2;149;131;136m1\033[38;2;138;119;124m0\033[38;2;105;81;79m1\033[38;2;88;66;65m1\033[38;2;122;106;106m1\033[38;2;93;79;78m0\033[38;2;87;71;66m0\033[38;2;105;87;81m1\033[38;2;97;82;76m0\033[38;2;97;79;73m1\033[38;2;100;82;75m1\033[38;2;94;78;72m0\033[38;2;88;72;66m0\033[38;2;97;79;72m1\033[38;2;108;88;79m0\033[38;2;133;111;100m1\033[38;2;131;116;108m1\033[38;2;131;127;127m1\033[38;2;144;146;156m0\033[38;2;156;170;193m1\033[38;2;158;189;222m1\033[38;2;161;198;233m0\033[38;2;161;199;238m1\033[38;2;158;199;239m1\033[38;2;156;201;241m0\033[38;2;159;204;242m0\033[38;2;162;209;245m1\033[38;2;164;213;247m1\033[38;2;161;210;246m1\033[38;2;161;209;246m0\033[38;2;159;208;245m0\033[38;2;158;207;245m0\033[38;2;156;206;244m0\033[38;2;155;204;243m0\033[38;2;153;204;243m1\033[38;2;152;203;242m1\033[38;2;152;203;241m0\033[38;2;150;202;241m00\033[38;2;149;201;239m1\033[38;2;149;201;238m01\033[38;2;147;199;238m11\033[38;2;144;199;237m00\033[38;2;142;198;237m0\033[38;2;142;198;236m1\033[38;2;141;197;236m1\033[38;2;141;197;235m00000\033[38;2;142;195;235m001\033[38;2;141;195;234m1\033[38;2;139;194;234m0\033[38;2;139;194;233m1\033[38;2;138;194;234m1\033[38;2;138;193;234m0\033[38;2;138;194;235m1\033[38;2;138;193;234m1\033[38;2;136;193;234m0\033[0m\n\
\033[38;2;249;253;255m11\033[38;2;248;253;255m0\033[38;2;247;252;254m11\033[38;2;246;251;254m0\033[38;2;245;251;254m1\033[38;2;245;250;254m1\033[38;2;244;250;254m0\033[38;2;242;249;253m1\033[38;2;241;249;253m1\033[38;2;240;249;253m0\033[38;2;239;249;253m0\033[38;2;238;248;253m1\033[38;2;237;247;253m11\033[38;2;236;247;253m1\033[38;2;235;246;253m1\033[38;2;234;246;252m1\033[38;2;233;246;252m00\033[38;2;234;247;253m1\033[38;2;232;246;252m0\033[38;2;232;245;252m1\033[38;2;231;245;252m0\033[38;2;228;243;252m0\033[38;2;227;243;252m1\033[38;2;226;242;252m0\033[38;2;225;241;252m0\033[38;2;224;241;252m1\033[38;2;224;240;252m1\033[38;2;224;238;252m1\033[38;2;223;238;251m1\033[38;2;222;238;251m1\033[38;2;222;237;251m1\033[38;2;221;237;251m1\033[38;2;220;236;251m0\033[38;2;217;235;250m11\033[38;2;216;234;250m111\033[38;2;215;234;250m0\033[38;2;215;233;250m1\033[38;2;214;233;250m1\033[38;2;213;233;250m1\033[38;2;212;233;250m01\033[38;2;210;232;250m10\033[38;2;210;232;251m00010\033[38;2;210;233;252m0\033[38;2;212;233;252m1\033[38;2;213;233;252m0\033[38;2;213;234;253m0\033[38;2;212;235;253m0\033[38;2;210;236;253m1\033[38;2;212;237;253m1\033[38;2;210;236;253m0\033[38;2;209;233;252m1\033[38;2;208;232;251m0\033[38;2;207;231;250m10\033[38;2;208;232;252m1\033[38;2;208;232;251m1\033[38;2;207;231;251m0\033[38;2;203;228;249m1\033[38;2;204;229;249m0\033[38;2;204;231;250m1\033[38;2;203;229;250m1\033[38;2;203;225;246m1\033[38;2;198;220;244m0\033[38;2;203;229;252m1\033[38;2;204;231;253m0\033[38;2;202;230;252m1\033[38;2;202;231;252m0\033[38;2;201;231;252m0\033[38;2;201;232;253m1\033[38;2;202;232;253m0\033[38;2;204;234;254m1\033[38;2;204;235;254m1\033[38;2;201;234;254m1\033[38;2;199;233;254m1\033[38;2;199;233;253m1\033[38;2;199;232;253m0\033[38;2;198;232;253m10110\033[38;2;199;232;253m1\033[38;2;201;233;254m1\033[38;2;193;227;250m0\033[38;2;190;223;247m1\033[38;2;190;216;242m0\033[38;2;183;198;225m0\033[38;2;176;176;194m1\033[38;2;177;167;179m1\033[38;2;164;150;156m0\033[38;2;128;108;109m0\033[38;2;102;81;79m1\033[38;2;111;90;88m1\033[38;2;106;87;82m1\033[38;2;111;91;87m1\033[38;2;97;79;78m0\033[38;2;82;66;66m0\033[38;2;73;58;58m0\033[38;2;65;51;52m1\033[38;2;54;41;43m0\033[38;2;48;37;40m1\033[38;2;45;35;38m1\033[38;2;34;29;31m1\033[38;2;33;29;30m1\033[38;2;42;35;35m11\033[38;2;40;33;33m0\033[38;2;46;38;35m1\033[38;2;47;38;35m0\033[38;2;56;43;40m1\033[38;2;69;53;47m1\033[38;2;109;82;65m0\033[38;2;113;85;68m1\033[38;2;108;84;69m1\033[38;2;102;79;69m1\033[38;2;96;76;71m0\033[38;2;88;82;85m1\033[38;2;97;102;111m1\033[38;2;122;141;162m0\033[38;2;142;170;202m1\033[38;2;153;187;221m1\033[38;2;161;201;236m1\033[38;2;164;207;243m1\033[38;2;168;213;246m1\033[38;2;167;214;246m1\033[38;2;165;213;247m1\033[38;2;164;213;247m1\033[38;2;162;210;246m0\033[38;2;161;209;246m1\033[38;2;159;208;245m1\033[38;2;158;207;245m0\033[38;2;156;206;244m1\033[38;2;155;206;243m1\033[38;2;155;204;242m0\033[38;2;153;204;242m0\033[38;2;153;203;241m0\033[38;2;152;203;241m0\033[38;2;150;202;241m1\033[38;2;149;202;239m1\033[38;2;149;202;238m1\033[38;2;147;201;238m0\033[38;2;146;202;238m1\033[38;2;146;201;238m0\033[38;2;144;201;238m0\033[38;2;144;199;237m1110\033[38;2;142;198;236m0011\033[38;2;142;197;236m0\033[38;2;141;197;235m010\033[38;2;139;195;234m10\033[38;2;139;195;235m10\033[38;2;138;194;235m10\033[0m\n\
\033[38;2;251;254;255m10\033[38;2;250;253;255m0\033[38;2;249;253;255m0\033[38;2;249;253;254m0\033[38;2;248;252;254m1\033[38;2;247;252;254m1\033[38;2;246;252;254m0\033[38;2;246;251;254m0\033[38;2;245;251;254m1\033[38;2;245;250;254m0\033[38;2;243;250;254m00\033[38;2;241;249;253m00\033[38;2;240;249;253m0\033[38;2;238;249;253m1\033[38;2;238;248;253m01\033[38;2;237;247;253m1\033[38;2;238;249;254m1\033[38;2;207;223;230m0\033[38;2;227;240;249m0\033[38;2;236;248;253m0\033[38;2;234;246;253m0\033[38;2;232;246;252m0\033[38;2;232;245;252m1\033[38;2;230;244;252m0\033[38;2;229;243;252m1\033[38;2;228;243;252m1\033[38;2;227;242;251m1\033[38;2;227;241;252m0\033[38;2;226;241;252m0\033[38;2;225;240;252m0\033[38;2;224;239;252m1\033[38;2;224;238;252m0\033[38;2;223;238;251m1\033[38;2;222;238;251m0\033[38;2;221;237;251m10\033[38;2;220;236;251m10\033[38;2;218;236;251m1\033[38;2;217;235;251m100\033[38;2;216;234;251m0\033[38;2;215;234;251m01\033[38;2;214;234;251m110\033[38;2;213;234;251m1\033[38;2;213;234;252m1\033[38;2;214;235;252m0\033[38;2;215;236;253m1\033[38;2;216;237;253m0\033[38;2;217;238;253m0\033[38;2;216;238;254m0\033[38;2;217;238;253m1\033[38;2;220;235;251m0\033[38;2;223;232;246m0\033[38;2;217;225;239m1\033[38;2;209;215;229m1\033[38;2;201;204;218m0\033[38;2;191;195;208m1\033[38;2;176;179;191m0\033[38;2;167;170;183m1\033[38;2;161;165;182m1\033[38;2;159;162;179m1\033[38;2;146;150;168m0\033[38;2;131;138;150m1\033[38;2;127;131;146m1\033[38;2;147;150;164m0\033[38;2;152;158;173m1\033[38;2;161;170;187m1\033[38;2;179;194;215m0\033[38;2;186;204;228m1\033[38;2;186;204;229m0\033[38;2;177;198;225m0\033[38;2;179;204;230m0\033[38;2;182;208;235m1\033[38;2;190;218;244m1\033[38;2;198;228;250m1\033[38;2;203;233;253m0\033[38;2;207;238;254m0\033[38;2;208;239;255m0\033[38;2;207;238;255m1\033[38;2;206;237;254m1\033[38;2;204;236;254m10\033[38;2;203;235;254m1\033[38;2;202;235;254m0\033[38;2;202;234;254m1\033[38;2;201;233;254m0\033[38;2;199;232;253m1\033[38;2;193;225;249m0\033[38;2;190;215;239m0\033[38;2;184;191;210m0\033[38;2;165;155;162m1\033[38;2;122;99;96m1\033[38;2;97;76;75m0\033[38;2;100;84;84m1\033[38;2;106;94;94m1\033[38;2;82;65;65m1\033[38;2;68;52;51m1\033[38;2;57;43;42m1\033[38;2;52;40;41m1\033[38;2;38;29;30m1\033[38;2;37;29;31m0\033[38;2;39;30;33m1\033[38;2;39;30;34m0\033[38;2;37;29;33m0\033[38;2;35;29;33m0\033[38;2;29;26;29m1\033[38;2;21;20;23m1\033[38;2;20;19;23m1\033[38;2;21;19;23m0\033[38;2;17;16;20m0\033[38;2;12;12;15m1\033[38;2;15;14;17m1\033[38;2;23;19;21m0\033[38;2;43;34;31m0\033[38;2;93;66;51m1\033[38;2;119;85;62m0\033[38;2;111;79;60m0\033[38;2;85;62;49m1\033[38;2;52;40;39m0\033[38;2;30;26;29m1\033[38;2;23;21;24m0\033[38;2;23;23;25m1\033[38;2;32;30;33m1\033[38;2;48;46;51m0\033[38;2;76;81;90m1\033[38;2;122;146;167m0\033[38;2;147;187;218m0\033[38;2;158;203;237m1\033[38;2;165;212;245m0\033[38;2;168;215;247m1\033[38;2;168;216;247m1\033[38;2;167;215;247m0\033[38;2;165;214;247m0\033[38;2;162;212;247m1\033[38;2;161;210;246m0\033[38;2;159;209;245m1\033[38;2;158;208;243m01\033[38;2;156;207;243m0\033[38;2;155;206;242m0\033[38;2;153;206;242m0\033[38;2;150;204;241m0\033[38;2;150;204;240m0\033[38;2;149;203;239m01\033[38;2;147;203;239m1\033[38;2;147;202;239m1\033[38;2;147;202;238m0\033[38;2;146;202;238m1\033[38;2;146;201;238m1001\033[38;2;144;201;238m0\033[38;2;144;199;237m0110\033[38;2;142;198;236m10\033[38;2;141;198;236m0\033[38;2;141;197;235m011\033[38;2;139;197;235m1\033[38;2;139;195;236m0\033[0m\n\
\033[38;2;253;255;255m1\033[38;2;253;254;255m0\033[38;2;252;254;255m00\033[38;2;251;253;255m1\033[38;2;250;253;255m0\033[38;2;249;253;255m0\033[38;2;249;253;254m0\033[38;2;248;253;254m1\033[38;2;247;252;254m11\033[38;2;246;252;254m0\033[38;2;245;251;254m01\033[38;2;244;250;254m1\033[38;2;243;250;254m1\033[38;2;242;250;254m0\033[38;2;241;249;254m01\033[38;2;244;251;255m0\033[38;2;239;249;252m0\033[38;2;177;195;208m1\033[38;2;238;249;254m0\033[38;2;239;249;254m0\033[38;2;237;248;253m0\033[38;2;235;247;253m0\033[38;2;234;247;253m1\033[38;2;234;246;253m1\033[38;2;232;246;252m0\033[38;2;232;245;252m1\033[38;2;231;245;252m1\033[38;2;230;243;252m0\033[38;2;229;243;252m0\033[38;2;228;242;252m1\033[38;2;227;242;252m0\033[38;2;227;241;252m1\033[38;2;225;241;252m0\033[38;2;224;240;252m1\033[38;2;224;239;252m01\033[38;2;224;238;252m0\033[38;2;223;238;252m10\033[38;2;222;238;252m11\033[38;2;221;237;252m0\033[38;2;220;237;252m000\033[38;2;217;237;252m01\033[38;2;216;237;252m0\033[38;2;217;238;252m1\033[38;2;217;238;253m1\033[38;2;218;239;253m0\033[38;2;220;239;253m00\033[38;2;220;240;253m0\033[38;2;223;238;251m1\033[38;2;230;227;232m0\033[38;2;233;212;202m0\033[38;2;221;190;174m0\033[38;2;199;164;146m1\033[38;2;156;125;111m1\033[38;2;111;88;81m1\033[38;2;81;66;65m0\033[38;2;61;51;53m1\033[38;2;49;41;45m1\033[38;2;45;38;42m0\033[38;2;46;39;45m0\033[38;2;48;42;48m0\033[38;2;48;43;52m1\033[38;2;49;45;54m0\033[38;2;58;53;60m1\033[38;2;58;54;60m1\033[38;2;72;64;66m1\033[38;2;131;105;90m0\033[38;2;153;125;109m0\033[38;2;138;119;114m1\033[38;2;135;128;133m0\033[38;2;136;144;155m0\033[38;2;144;158;174m0\033[38;2;153;170;191m1\033[38;2;173;194;217m1\033[38;2;187;213;237m0\033[38;2;197;224;248m0\033[38;2;208;237;254m0\033[38;2;212;241;255m10\033[38;2;210;241;255m1\033[38;2;209;239;255m1\033[38;2;208;238;255m0\033[38;2;207;238;255m0\033[38;2;207;238;254m1\033[38;2;208;238;254m1\033[38;2;202;233;253m0\033[38;2;197;229;249m1\033[38;2;186;204;230m0\033[38;2;176;173;186m0\033[38;2;141;119;117m1\033[38;2;94;75;71m0\033[38;2;61;47;45m0\033[38;2;48;37;37m0\033[38;2;45;32;33m0\033[38;2;41;29;30m0\033[38;2;37;26;27m0\033[38;2;35;26;27m0\033[38;2;25;20;22m1\033[38;2;23;18;20m1\033[38;2;17;15;18m1\033[38;2;15;13;17m0\033[38;2;17;16;19m0\033[38;2;19;17;21m0\033[38;2;17;16;19m0\033[38;2;19;17;21m0\033[38;2;22;20;24m0\033[38;2;17;17;21m1\033[38;2;13;13;17m0\033[38;2;8;8;12m1\033[38;2;7;8;11m0\033[38;2;10;10;14m1\033[38;2;20;17;19m0\033[38;2;47;34;30m0\033[38;2;72;52;41m0\033[38;2;69;49;41m0\033[38;2;30;23;23m0\033[38;2;17;15;18m1\033[38;2;17;16;20m0\033[38;2;20;17;22m0\033[38;2;22;20;23m0\033[38;2;23;22;26m0\033[38;2;28;26;30m1\033[38;2;32;30;35m1\033[38;2;39;38;42m0\033[38;2;62;62;71m0\033[38;2;109;122;139m0\033[38;2;149;183;213m0\033[38;2;168;209;241m1\033[38;2;171;215;247m1\033[38;2;170;215;247m0\033[38;2;171;217;248m1\033[38;2;168;216;247m0\033[38;2;167;215;247m1\033[38;2;165;214;246m1\033[38;2;164;213;246m0\033[38;2;162;212;245m0\033[38;2;161;210;245m0\033[38;2;159;209;244m0\033[38;2;159;209;243m1\033[38;2;156;208;243m0\033[38;2;155;208;242m1\033[38;2;153;207;241m1\033[38;2;152;206;241m11\033[38;2;150;206;241m1\033[38;2;150;204;240m1\033[38;2;149;204;240m0\033[38;2;149;203;239m11\033[38;2;147;203;239m01\033[38;2;147;202;238m0001\033[38;2;146;202;238m0\033[38;2;146;201;238m11\033[38;2;144;201;238m1\033[38;2;144;199;238m1\033[38;2;144;199;237m1\033[38;2;142;198;236m11\033[38;2;141;198;236m0\033[38;2;141;197;237m1\033[0m\n\
\033[38;2;254;255;255m01\033[38;2;253;255;255m0\033[38;2;253;254;255m01\033[38;2;252;254;255m1\033[38;2;251;254;255m1\033[38;2;250;254;255m10\033[38;2;249;253;255m100\033[38;2;247;253;254m1\033[38;2;247;252;254m0\033[38;2;246;252;254m00\033[38;2;245;251;254m01\033[38;2;247;252;255m1\033[38;2;203;215;216m1\033[38;2;113;124;135m1\033[38;2;207;222;238m1\033[38;2;245;252;255m1\033[38;2;243;250;254m1\033[38;2;241;250;254m1\033[38;2;239;249;254m1\033[38;2;238;249;253m0\033[38;2;236;248;253m0\033[38;2;235;247;253m11\033[38;2;233;246;253m0\033[38;2;232;246;252m1\033[38;2;232;245;253m1\033[38;2;231;244;253m0\033[38;2;231;244;252m1\033[38;2;229;243;252m0\033[38;2;228;243;252m1\033[38;2;227;243;252m0\033[38;2;226;242;252m1\033[38;2;226;241;252m0\033[38;2;225;241;252m10\033[38;2;225;240;252m1\033[38;2;224;240;252m0\033[38;2;225;239;252m1\033[38;2;224;239;252m11\033[38;2;223;239;252m00\033[38;2;222;238;252m1\033[38;2;221;238;252m0\033[38;2;222;240;253m0\033[38;2;222;241;253m1\033[38;2;223;242;253m1\033[38;2;223;241;253m1\033[38;2;224;241;253m0\033[38;2;225;241;254m0\033[38;2;233;232;238m0\033[38;2;238;208;176m1\033[38;2;232;182;128m0\033[38;2;218;156;106m1\033[38;2;168;113;81m1\033[38;2;87;62;53m1\033[38;2;33;28;32m0\033[38;2;15;16;22m1\033[38;2;10;12;18m0\033[38;2;9;10;17m0\033[38;2;10;11;18m1\033[38;2;12;13;21m0\033[38;2;14;15;23m1\033[38;2;18;17;26m0\033[38;2;25;23;32m0\033[38;2;34;31;41m0\033[38;2;41;38;47m1\033[38;2;40;37;45m1\033[38;2;41;38;45m0\033[38;2;73;62;60m0\033[38;2;124;94;78m0\033[38;2;108;84;71m1\033[38;2;69;58;58m1\033[38;2;56;52;57m0\033[38;2;64;60;66m1\033[38;2;72;69;76m1\033[38;2;87;87;94m1\033[38;2;127;131;150m1\033[38;2;161;176;201m1\033[38;2;191;215;238m1\033[38;2;209;235;252m1\033[38;2;215;241;255m0\033[38;2;216;243;255m111\033[38;2;214;241;255m1\033[38;2;210;241;254m0\033[38;2;206;236;253m1\033[38;2;197;215;233m0\033[38;2;183;179;179m0\033[38;2;159;138;130m1\033[38;2;116;90;78m0\033[38;2;90;68;58m1\033[38;2;65;49;46m1\033[38;2;46;33;34m0\033[38;2;41;29;31m1\033[38;2;39;28;29m1\033[38;2;38;27;28m0\033[38;2;34;24;26m1\033[38;2;32;23;25m1\033[38;2;28;22;23m1\033[38;2;25;20;23m0\033[38;2;20;17;19m0\033[38;2;12;11;14m0\033[38;2;11;10;13m0\033[38;2;14;13;16m0\033[38;2;13;12;15m0\033[38;2;12;12;15m1\033[38;2;9;9;13m1\033[38;2;8;8;12m01\033[38;2;7;8;11m0\033[38;2;6;6;10m0\033[38;2;6;7;10m1\033[38;2;11;11;14m1\033[38;2;20;17;18m1\033[38;2;14;13;16m1\033[38;2;5;6;10m1\033[38;2;3;4;9m0\033[38;2;10;10;14m1\033[38;2;20;17;21m0\033[38;2;21;19;23m1\033[38;2;23;20;24m1\033[38;2;23;21;25m1\033[38;2;24;22;26m1\033[38;2;27;24;29m0\033[38;2;31;29;34m1\033[38;2;34;33;40m0\033[38;2;46;45;52m0\033[38;2;69;71;81m0\033[38;2;100;111;128m1\033[38;2;146;174;207m1\033[38;2;173;214;246m1\033[38;2;176;221;250m0\033[38;2;174;221;249m1\033[38;2;171;218;248m0\033[38;2;170;217;247m1\033[38;2;168;216;247m0\033[38;2;167;215;247m1\033[38;2;165;214;246m0\033[38;2;162;213;246m1\033[38;2;161;212;245m1\033[38;2;159;210;245m1\033[38;2;158;210;243m0\033[38;2;156;209;243m1\033[38;2;155;208;242m1\033[38;2;153;208;242m0\033[38;2;152;207;241m1\033[38;2;152;206;241m100\033[38;2;150;204;241m1\033[38;2;150;204;240m0\033[38;2;150;204;241m0\033[38;2;149;203;241m1\033[38;2;149;203;240m1110\033[38;2;147;203;239m1\033[38;2;147;202;238m11\033[38;2;146;202;238m0\033[38;2;146;201;238m00\033[38;2;144;199;238m1\033[38;2;144;199;237m0\033[38;2;142;198;238m1\033[0m\n\
\033[38;2;254;255;255m00101\033[38;2;253;255;255m11\033[38;2;253;254;255m1\033[38;2;252;254;255m1\033[38;2;251;254;255m011\033[38;2;250;254;255m0\033[38;2;249;253;255m010\033[38;2;248;253;255m11\033[38;2;249;253;255m1\033[38;2;228;239;241m1\033[38;2;138;156;167m1\033[38;2;245;252;255m1\033[38;2;247;253;255m0\033[38;2;246;252;255m1\033[38;2;244;251;254m1\033[38;2;242;250;254m1\033[38;2;241;250;254m0\033[38;2;239;249;254m1\033[38;2;239;249;253m0\033[38;2;238;248;253m1\033[38;2;237;247;253m0\033[38;2;236;247;253m1\033[38;2;234;247;253m0\033[38;2;234;246;253m1\033[38;2;233;246;253m1\033[38;2;232;245;253m011\033[38;2;231;244;253m0\033[38;2;230;243;253m0\033[38;2;229;243;253m1\033[38;2;228;243;253m0\033[38;2;227;243;253m1\033[38;2;227;242;253m01\033[38;2;226;241;253m110\033[38;2;225;241;253m1\033[38;2;224;241;253m00\033[38;2;225;242;253m1\033[38;2;226;243;253m10\033[38;2;227;243;254m1\033[38;2;230;241;252m1\033[38;2;241;225;207m0\033[38;2;249;206;124m1\033[38;2;241;179;88m1\033[38;2;216;142;75m1\033[38;2;159;97;62m1\033[38;2;69;49;43m0\033[38;2;17;19;24m0\033[38;2;9;11;18m1\033[38;2;10;12;18m1\033[38;2;14;15;21m0\033[38;2;21;20;26m0\033[38;2;29;25;31m0\033[38;2;34;27;33m0\033[38;2;37;29;35m0\033[38;2;39;30;37m1\033[38;2;40;31;38m0\033[38;2;39;31;38m0\033[38;2;40;33;40m1\033[38;2;46;40;47m0\033[38;2;60;53;58m1\033[38;2;71;60;65m0\033[38;2;69;58;58m1\033[38;2;53;43;45m0\033[38;2;34;30;34m0\033[38;2;33;29;35m0\033[38;2;32;30;37m1\033[38;2;34;33;40m1\033[38;2;41;39;46m1\033[38;2;48;45;51m0\033[38;2;69;65;71m0\033[38;2;114;113;122m0\033[38;2;173;184;204m0\033[38;2;206;230;248m1\033[38;2;218;243;255m1\033[38;2;217;243;255m1\033[38;2;220;244;255m0\033[38;2;214;241;255m1\033[38;2;207;232;250m1\033[38;2;195;199;209m1\033[38;2;174;146;124m1\033[38;2;142;109;84m0\033[38;2;106;78;60m1\033[38;2;75;56;47m1\033[38;2;61;46;41m1\033[38;2;46;34;33m1\033[38;2;41;30;30m1\033[38;2;40;29;29m0\033[38;2;38;27;27m1\033[38;2;35;25;26m1\033[38;2;31;23;23m1\033[38;2;28;21;22m0\033[38;2;23;17;19m1\033[38;2;18;15;17m1\033[38;2;17;14;17m0\033[38;2;16;13;15m0\033[38;2;16;14;16m11\033[38;2;14;12;15m00\033[38;2;17;14;17m1\033[38;2;14;12;16m0\033[38;2;10;10;13m1\033[38;2;12;11;14m0\033[38;2;12;12;14m1\033[38;2;12;10;14m0\033[38;2;10;10;13m1\033[38;2;8;8;12m0\033[38;2;6;6;10m1\033[38;2;5;6;9m1\033[38;2;6;7;11m1\033[38;2;12;11;14m1\033[38;2;14;13;17m1\033[38;2;16;14;18m0\033[38;2;18;16;20m1\033[38;2;19;17;22m0\033[38;2;21;18;23m1\033[38;2;21;20;24m0\033[38;2;21;20;25m00\033[38;2;23;23;28m1\033[38;2;31;30;37m1\033[38;2;41;39;46m1\033[38;2;62;61;71m1\033[38;2;117;135;156m0\033[38;2;164;203;232m1\033[38;2;176;222;249m1\033[38;2;176;223;249m1\033[38;2;174;221;249m1\033[38;2;173;220;249m0\033[38;2;170;217;247m1\033[38;2;168;216;247m0\033[38;2;167;216;247m0\033[38;2;164;214;246m0\033[38;2;161;213;246m10\033[38;2;159;212;245m0\033[38;2;158;210;244m1\033[38;2;156;210;243m1\033[38;2;155;209;243m1\033[38;2;155;208;242m0\033[38;2;153;207;241m0\033[38;2;152;207;241m110\033[38;2;152;206;241m1\033[38;2;150;206;241m011\033[38;2;150;204;241m100\033[38;2;149;203;241m10\033[38;2;149;203;240m1\033[38;2;147;202;239m1\033[38;2;147;202;238m01\033[38;2;146;202;238m1\033[38;2;146;201;238m0\033[0m\n\
\033[38;2;255;255;255m110\033[38;2;254;255;255m011001\033[38;2;253;255;255m00\033[38;2;253;254;255m1\033[38;2;253;255;255m0\033[38;2;254;255;255m0\033[38;2;253;255;255m0\033[38;2;252;254;255m0\033[38;2;251;254;255m0\033[38;2;250;254;255m0\033[38;2;251;254;255m0\033[38;2;234;243;241m0\033[38;2;102;113;114m1\033[38;2;190;201;214m1\033[38;2;249;253;255m0\033[38;2;248;253;255m0\033[38;2;246;252;255m0\033[38;2;245;252;254m1\033[38;2;245;251;254m0\033[38;2;243;250;254m1\033[38;2;242;250;254m1\033[38;2;241;249;254m10\033[38;2;239;249;254m0\033[38;2;238;249;253m0\033[38;2;238;248;253m1\033[38;2;237;247;253m0\033[38;2;236;247;253m1\033[38;2;235;247;253m0\033[38;2;234;246;253m00\033[38;2;233;246;253m0\033[38;2;232;246;253m0\033[38;2;232;245;253m0001\033[38;2;231;245;253m0\033[38;2;230;245;253m01\033[38;2;229;243;253m00\033[38;2;229;244;254m0\033[38;2;230;245;254m0\033[38;2;231;246;254m1\033[38;2;232;245;254m0\033[38;2;234;238;244m1\033[38;2;236;207;170m0\033[38;2;247;195;97m1\033[38;2;245;180;75m0\033[38;2;220;139;62m0\033[38;2;168;99;57m0\033[38;2;65;45;40m0\033[38;2;12;14;20m0\033[38;2;13;14;20m0\033[38;2;27;23;29m0\033[38;2;54;41;45m0\033[38;2;88;64;64m1\033[38;2;117;84;82m1\033[38;2;136;96;94m0\033[38;2;146;103;100m0\033[38;2;149;106;105m0\033[38;2;147;105;103m1\033[38;2;141;100;99m0\033[38;2;128;91;90m0\033[38;2;116;82;84m0\033[38;2;111;81;82m0\033[38;2;114;85;88m1\033[38;2;113;85;88m0\033[38;2;88;68;71m1\033[38;2;62;51;53m0\033[38;2;45;37;40m1\033[38;2;28;24;29m1\033[38;2;17;17;22m1\033[38;2;17;16;22m1\033[38;2;23;22;28m0\033[38;2;29;28;35m1\033[38;2;34;33;39m1\033[38;2;41;39;43m0\033[38;2;65;58;61m1\033[38;2;125;127;139m0\033[38;2;202;222;240m1\033[38;2;223;245;255m0\033[38;2;217;242;254m0\033[38;2;216;225;231m1\033[38;2;201;173;146m0\033[38;2;179;135;94m0\033[38;2;144;106;76m0\033[38;2;96;69;53m1\033[38;2;71;51;41m0\033[38;2;54;40;35m0\033[38;2;43;32;30m0\033[38;2;38;27;27m0\033[38;2;40;29;28m0\033[38;2;43;31;29m1\033[38;2;43;30;28m0\033[38;2;38;26;25m1\033[38;2;35;25;23m1\033[38;2;31;22;22m1\033[38;2;35;23;23m0\033[38;2;43;27;26m0\033[38;2;43;27;25m0\033[38;2;47;29;27m0\033[38;2;53;31;29m1\033[38;2;57;32;30m0\033[38;2;58;33;31m0\033[38;2;57;32;31m1\033[38;2;54;33;32m0\033[38;2;49;31;30m1\033[38;2;43;28;28m0\033[38;2;52;32;33m10\033[38;2;51;31;32m0\033[38;2;46;28;30m0\033[38;2;41;25;28m1\033[38;2;35;23;25m0\033[38;2;31;20;23m0\033[38;2;27;17;21m0\033[38;2;23;16;19m1\033[38;2;18;14;17m1\033[38;2;15;12;16m0\033[38;2;11;10;14m1\033[38;2;10;10;14m0\033[38;2;11;10;15m10\033[38;2;10;10;14m00\033[38;2;12;12;17m0\033[38;2;17;17;23m0\033[38;2;24;23;29m0\033[38;2;31;30;37m1\033[38;2;46;45;49m0\033[38;2;78;81;87m0\033[38;2;127;147;167m0\033[38;2;164;202;230m1\033[38;2;167;213;243m1\033[38;2;170;215;245m0\033[38;2;174;220;249m1\033[38;2;173;220;249m0\033[38;2;170;218;247m0\033[38;2;168;216;247m1\033[38;2;164;216;246m0\033[38;2;162;214;246m10\033[38;2;161;213;246m1\033[38;2;159;212;245m0\033[38;2;158;212;243m0\033[38;2;156;210;243m0\033[38;2;156;209;242m0\033[38;2;155;209;241m010\033[38;2;153;208;241m111\033[38;2;153;207;241m0\033[38;2;153;207;240m1\033[38;2;152;207;240m10\033[38;2;152;207;241m0\033[38;2;152;206;241m1\033[38;2;150;204;241m10\033[38;2;149;204;240m0\033[38;2;149;203;240m1\033[38;2;149;203;239m1\033[38;2;147;203;239m0\033[0m\n\
\033[38;2;255;255;255m010111\033[38;2;254;255;255m00000\033[38;2;248;252;252m1\033[38;2;214;226;213m1\033[38;2;209;224;204m1\033[38;2;238;247;242m1\033[38;2;250;254;254m0\033[38;2;253;255;255m0\033[38;2;254;255;255m11\033[38;2;182;197;194m0\033[38;2;187;203;214m1\033[38;2;208;220;229m1\033[38;2;250;254;255m10\033[38;2;249;253;255m1\033[38;2;247;253;255m1\033[38;2;246;252;255m1\033[38;2;246;252;254m0\033[38;2;245;251;254m10\033[38;2;244;250;254m1\033[38;2;243;250;254m1\033[38;2;241;250;254m0\033[38;2;241;249;254m1\033[38;2;240;249;254m1\033[38;2;239;249;254m1\033[38;2;238;249;254m0\033[38;2;238;248;254m0\033[38;2;237;248;254m01\033[38;2;236;247;254m1\033[38;2;235;247;254m010\033[38;2;234;247;253m0\033[38;2;233;246;253m1\033[38;2;233;247;254m1\033[38;2;232;246;253m0\033[38;2;232;245;254m1\033[38;2;234;247;254m00\033[38;2;235;247;254m0\033[38;2;236;243;249m1\033[38;2;236;220;202m0\033[38;2;236;187;122m1\033[38;2;243;186;91m1\033[38;2;240;173;72m0\033[38;2;212;136;61m1\033[38;2;158;97;58m0\033[38;2;57;39;35m0\033[38;2;15;15;22m0\033[38;2;27;23;27m0\033[38;2;53;38;41m1\033[38;2;91;61;61m1\033[38;2;128;87;82m0\033[38;2;156;108;102m0\033[38;2;171;122;116m1\033[38;2;179;130;124m1\033[38;2;184;136;128m1\033[38;2;187;139;133m0\033[38;2;190;141;136m01\033[38;2;189;139;135m1\033[38;2;184;138;133m1\033[38;2;182;135;130m1\033[38;2;176;130;125m0\033[38;2;173;130;124m0\033[38;2;167;125;120m0\033[38;2;152;113;108m1\033[38;2;130;96;93m1\033[38;2;100;75;76m1\033[38;2;66;49;53m0\033[38;2;30;24;29m0\033[38;2;14;13;17m0\033[38;2;13;14;19m0\033[38;2;17;17;23m1\033[38;2;23;23;30m0\033[38;2;29;29;34m0\033[38;2;34;32;34m1\033[38;2;73;72;79m1\033[38;2;197;215;233m1\033[38;2;209;227;241m1\033[38;2;168;136;105m1\033[38;2;176;128;84m1\033[38;2;170;122;76m1\033[38;2;144;100;66m1\033[38;2;114;78;54m1\033[38;2;85;58;43m0\033[38;2;87;58;45m1\033[38;2;75;51;40m0\033[38;2;61;41;34m1\033[38;2;68;46;38m1\033[38;2;71;46;37m0\033[38;2;54;34;29m0\033[38;2;68;42;32m1\033[38;2;75;45;32m1\033[38;2;81;46;35m0\033[38;2;87;45;37m1\033[38;2;91;47;38m0\033[38;2;97;49;39m1\033[38;2;108;56;45m1\033[38;2;105;54;45m1\033[38;2;94;48;40m0\033[38;2;102;53;45m1\033[38;2;113;58;49m1\033[38;2;114;61;52m0\033[38;2;109;60;51m1\033[38;2;116;64;56m0\033[38;2;111;61;54m0\033[38;2;103;57;52m1\033[38;2;97;53;49m1\033[38;2;94;51;48m0\033[38;2;85;47;45m1\033[38;2;82;45;43m1\033[38;2;78;42;41m1\033[38;2;71;40;39m1\033[38;2;64;35;37m0\033[38;2;56;32;33m0\033[38;2;48;28;30m1\033[38;2;38;24;26m0\033[38;2;26;18;23m0\033[38;2;18;15;19m0\033[38;2;14;14;17m0\033[38;2;13;13;17m11\033[38;2;15;14;19m11\033[38;2;16;16;21m0\033[38;2;18;18;23m0\033[38;2;23;23;28m0\033[38;2;28;27;33m1\033[38;2;39;37;42m0\033[38;2;61;62;71m0\033[38;2;96;111;133m1\033[38;2;141;174;204m1\033[38;2;171;215;243m1\033[38;2;174;221;249m1\033[38;2;173;218;249m0\033[38;2;170;218;247m0\033[38;2;167;218;247m1\033[38;2;165;216;247m1\033[38;2;164;215;246m1\033[38;2;162;215;246m1\033[38;2;162;214;246m0\033[38;2;161;214;245m1\033[38;2;161;213;243m1\033[38;2;159;213;243m1\033[38;2;158;212;243m00\033[38;2;158;210;242m0\033[38;2;156;210;242m11\033[38;2;156;209;241m0\033[38;2;155;209;241m00\033[38;2;155;208;241m111\033[38;2;153;208;241m0\033[38;2;153;207;241m1\033[38;2;152;207;240m0\033[38;2;152;206;240m1\033[38;2;150;206;240m101\033[0m\n\
\033[38;2;255;255;255m111101101100\033[38;2;251;253;252m0\033[38;2;177;191;144m1\033[38;2;90;117;26m1\033[38;2;113;142;46m1\033[38;2;150;176;93m0\033[38;2;194;212;164m0\033[38;2;212;227;199m0\033[38;2;164;182;179m1\033[38;2;254;255;255m0\033[38;2;255;255;255m1\033[38;2;253;255;255m1\033[38;2;252;254;255m0\033[38;2;251;254;255m1\033[38;2;249;254;255m1\033[38;2;249;253;255m00\033[38;2;247;253;255m0\033[38;2;247;252;255m0\033[38;2;246;252;255m1\033[38;2;246;252;254m1\033[38;2;245;251;254m0\033[38;2;244;251;254m1\033[38;2;243;251;254m11\033[38;2;243;251;255m1\033[38;2;244;251;255m0\033[38;2;243;251;255m1\033[38;2;241;249;254m11\033[38;2;239;249;254m1\033[38;2;238;249;254m0\033[38;2;237;248;254m0\033[38;2;236;247;254m1\033[38;2;237;249;254m0\033[38;2;237;248;254m1\033[38;2;234;246;253m0\033[38;2;236;247;254m1\033[38;2;234;246;253m1\033[38;2;235;244;251m0\033[38;2;232;232;234m0\033[38;2;232;195;150m0\033[38;2;233;171;99m0\033[38;2;240;174;90m0\033[38;2;229;158;75m1\033[38;2;179;114;61m1\033[38;2;114;73;52m0\033[38;2;51;35;37m1\033[38;2;26;20;26m1\033[38;2;45;30;35m0\033[38;2;69;45;46m0\033[38;2;103;65;61m1\033[38;2;135;87;78m0\033[38;2;159;108;96m0\033[38;2;177;124;113m0\033[38;2;186;133;124m1\033[38;2;190;139;130m0\033[38;2;193;142;135m0\033[38;2;197;146;136m1\033[38;2;198;147;138m1\033[38;2;198;146;139m0\033[38;2;197;144;138m0\033[38;2;194;142;136m0\033[38;2;193;142;136m1\033[38;2;190;141;136m0\033[38;2;189;139;135m0\033[38;2;186;139;135m0\033[38;2;183;138;133m0\033[38;2;177;133;128m1\033[38;2;167;124;120m0\033[38;2;142;105;102m0\033[38;2;102;73;73m0\033[38;2;54;41;45m1\033[38;2;24;21;26m0\033[38;2;16;16;22m1\033[38;2;10;10;17m1\033[38;2;7;8;14m0\033[38;2;11;12;17m0\033[38;2;12;12;16m1\033[38;2;40;42;47m1\033[38;2;91;96;103m1\033[38;2;88;68;53m0\033[38;2;149;108;72m1\033[38;2;162;117;75m0\033[38;2;139;97;62m1\033[38;2;114;75;52m0\033[38;2;116;76;52m0\033[38;2;108;71;48m1\033[38;2;82;51;38m0\033[38;2;84;48;35m1\033[38;2;109;64;43m0\033[38;2;130;79;52m0\033[38;2;120;71;46m0\033[38;2;141;81;53m0\033[38;2;147;82;56m1\033[38;2;141;72;52m1\033[38;2;139;71;51m1\033[38;2;146;73;54m0\033[38;2;155;81;61m0\033[38;2;155;81;62m10\033[38;2;153;81;62m1\033[38;2;149;78;64m1\033[38;2;141;75;62m0\033[38;2;133;72;60m0\033[38;2;147;81;68m0\033[38;2;155;85;73m0\033[38;2;150;84;72m0\033[38;2;142;81;72m0\033[38;2;139;79;71m1\033[38;2;138;78;69m0\033[38;2;135;76;68m0\033[38;2;130;73;65m1\033[38;2;127;72;64m0\033[38;2;120;69;62m0\033[38;2;116;66;61m0\033[38;2;113;65;60m1\033[38;2;109;64;60m0\033[38;2;102;60;56m1\033[38;2;88;52;51m1\033[38;2;65;40;41m1\033[38;2;40;28;30m1\033[38;2;25;20;23m0\033[38;2;16;14;19m1\033[38;2;14;14;19m0\033[38;2;16;16;21m1\033[38;2;17;17;23m01\033[38;2;18;19;24m1\033[38;2;20;22;26m0\033[38;2;25;25;32m1\033[38;2;34;34;43m1\033[38;2;65;69;81m1\033[38;2;106;128;144m1\033[38;2;150;194;224m1\033[38;2;164;212;242m0\033[38;2;168;216;246m0\033[38;2;170;220;247m0\033[38;2;170;220;248m0\033[38;2;168;218;247m1\033[38;2;167;217;246m0\033[38;2;165;217;246m0\033[38;2;165;216;246m1\033[38;2;164;216;245m0\033[38;2;162;215;245m0\033[38;2;162;214;245m01\033[38;2;161;214;244m0\033[38;2;161;213;244m1\033[38;2;161;213;243m1\033[38;2;159;212;243m1\033[38;2;158;212;243m0\033[38;2;158;210;242m1001\033[38;2;156;210;242m00\033[38;2;155;209;241m1\033[38;2;155;208;241m0\033[38;2;153;208;241m00\033[38;2;153;207;240m01\033[0m\n\
\033[38;2;255;255;255m10011111001001\033[38;2;202;215;165m0\033[38;2;91;124;14m0\033[38;2;93;125;14m1\033[38;2;88;120;11m1\033[38;2;90;120;13m0\033[38;2;109;139;35m0\033[38;2;161;183;105m0\033[38;2;217;230;204m1\033[38;2;249;253;252m1\033[38;2;254;255;255m1\033[38;2;253;255;255m0\033[38;2;252;255;255m0\033[38;2;252;254;255m1\033[38;2;251;254;255m1\033[38;2;250;254;255m0\033[38;2;249;254;255m0\033[38;2;249;253;255m0\033[38;2;248;253;255m10\033[38;2;249;253;255m0\033[38;2;249;254;255m0\033[38;2;248;253;255m0\033[38;2;241;249;253m0\033[38;2;227;237;238m1\033[38;2;230;238;241m1\033[38;2;245;252;255m1\033[38;2;244;251;255m0\033[38;2;242;250;255m0\033[38;2;242;250;254m0\033[38;2;241;249;254m0\033[38;2;241;250;254m1\033[38;2;239;249;254m0\033[38;2;237;246;253m1\033[38;2;234;245;252m0\033[38;2;233;244;252m0\033[38;2;234;238;245m1\033[38;2;228;206;187m1\033[38;2;225;171;114m1\033[38;2;231;165;93m1\033[38;2;226;156;84m0\033[38;2;184;116;62m0\033[38;2;133;85;56m0\033[38;2;84;54;43m0\033[38;2;39;26;29m1\033[38;2;38;25;31m1\033[38;2;57;38;40m0\033[38;2;85;53;52m1\033[38;2;116;71;64m1\033[38;2;144;93;82m0\033[38;2;167;109;96m1\033[38;2;182;124;109m1\033[38;2;190;133;120m1\033[38;2;194;141;130m1\033[38;2;198;146;135m0\033[38;2;201;149;138m1\033[38;2;202;150;139m0\033[38;2;202;149;141m1\033[38;2;201;147;138m1\033[38;2;199;144;138m1\033[38;2;197;141;136m1\033[38;2;194;139;135m0\033[38;2;193;138;133m1\033[38;2;190;136;133m1\033[38;2;189;136;131m0\033[38;2;186;135;130m1\033[38;2;182;131;127m0\033[38;2;173;124;119m1\033[38;2;162;113;108m0\033[38;2;139;94;90m1\033[38;2;102;68;68m0\033[38;2;56;39;43m1\033[38;2;22;20;25m0\033[38;2;19;18;24m1\033[38;2;9;9;14m1\033[38;2;3;4;9m1\033[38;2;4;5;10m1\033[38;2;8;8;12m0\033[38;2;20;17;18m0\033[38;2;48;35;31m1\033[38;2;90;62;47m1\033[38;2;90;61;45m1\033[38;2;72;47;35m1\033[38;2;57;37;29m0\033[38;2;46;27;23m1\033[38;2;62;35;27m1\033[38;2;130;76;48m1\033[38;2;156;91;54m1\033[38;2;165;100;61m1\033[38;2;171;102;65m1\033[38;2;171;97;66m0\033[38;2;180;103;75m1\033[38;2;194;114;85m0\033[38;2;191;111;82m1\033[38;2;184;105;78m0\033[38;2;191;109;82m0\033[38;2;194;113;85m1\033[38;2;191;109;84m1\033[38;2;187;106;82m0\033[38;2;184;105;82m1\033[38;2;173;97;76m1\033[38;2;164;93;76m0\033[38;2;167;94;79m1\033[38;2;170;94;81m0\033[38;2;174;99;87m0\033[38;2;171;99;87m0\033[38;2;171;100;90m1\033[38;2;170;100;90m1\033[38;2;167;97;87m0\033[38;2;168;99;90m1\033[38;2;167;99;88m1\033[38;2;167;102;91m0\033[38;2;164;100;91m0\033[38;2;161;102;91m1\033[38;2;158;100;93m0\033[38;2;155;100;94m1\033[38;2;152;100;94m0\033[38;2;144;94;88m0\033[38;2;127;82;76m1\033[38;2;96;61;61m1\033[38;2;69;47;48m1\033[38;2;46;33;35m0\033[38;2;21;17;22m0\033[38;2;14;14;19m0\033[38;2;16;16;21m1\033[38;2;17;17;23m0\033[38;2;18;19;24m1\033[38;2;21;22;26m0\033[38;2;26;27;34m0\033[38;2;42;43;52m1\033[38;2;91;105;117m0\033[38;2;150;186;212m1\033[38;2;177;221;247m0\033[38;2;180;226;250m1\033[38;2;177;225;249m0\033[38;2;174;224;249m1\033[38;2;173;223;249m0\033[38;2;171;222;248m0\033[38;2;170;221;247m0\033[38;2;168;220;247m1\033[38;2;167;218;246m11\033[38;2;165;217;246m0\033[38;2;165;216;245m1\033[38;2;164;216;245m00\033[38;2;162;215;245m11\033[38;2;162;214;244m1\033[38;2;161;214;244m1\033[38;2;161;213;243m1\033[38;2;159;213;243m001\033[38;2;158;212;243m01\033[38;2;158;210;242m1\033[38;2;156;210;242m011\033[38;2;155;209;241m01\033[0m\n\
\033[38;2;255;255;255m001100101001\033[38;2;254;255;255m0\033[38;2;246;249;246m0\033[38;2;254;255;255m1\033[38;2;195;210;149m0\033[38;2;102;131;18m1\033[38;2;102;133;17m0\033[38;2;100;130;16m0\033[38;2;103;133;14m0\033[38;2;102;131;12m0\033[38;2;102;131;14m0\033[38;2;125;152;45m0\033[38;2;190;208;155m0\033[38;2;245;250;248m0\033[38;2;254;255;255m10\033[38;2;253;255;255m0\033[38;2;252;255;255m10\033[38;2;251;254;255m1\033[38;2;252;255;255m00\033[38;2;238;246;247m0\033[38;2;198;214;191m1\033[38;2;138;164;122m1\033[38;2;119;139;90m0\033[38;2;133;138;78m0\033[38;2;220;227;226m1\033[38;2;249;254;255m0\033[38;2;245;252;255m000\033[38;2;244;251;255m1\033[38;2;242;250;254m0\033[38;2;239;248;253m1\033[38;2;234;244;251m1\033[38;2;238;244;250m0\033[38;2;232;228;227m0\033[38;2;222;182;147m1\033[38;2;224;159;100m0\033[38;2;226;158;90m0\033[38;2;202;131;72m0\033[38;2;141;88;56m1\033[38;2;84;54;43m1\033[38;2;46;31;31m0\033[38;2;31;22;26m0\033[38;2;48;32;35m0\033[38;2;78;49;51m0\033[38;2;100;64;60m0\033[38;2;127;81;71m0\033[38;2;152;97;87m1\033[38;2;173;114;100m1\033[38;2;187;127;113m0\033[38;2;195;136;122m1\033[38;2;201;144;133m0\033[38;2;203;149;136m1\033[38;2;203;150;138m0\033[38;2;203;150;139m0\033[38;2;204;150;139m1\033[38;2;203;149;138m0\033[38;2;201;146;138m1\033[38;2;199;142;135m1\033[38;2;197;139;133m1\033[38;2;194;138;130m0\033[38;2;193;135;128m1\033[38;2;190;133;125m0\033[38;2;189;131;122m0\033[38;2;184;128;120m0\033[38;2;179;122;114m1\033[38;2;171;114;105m0\033[38;2;165;106;99m0\033[38;2;152;94;87m1\033[38;2;125;76;72m0\033[38;2;88;53;53m1\033[38;2;35;25;28m1\033[38;2;18;16;21m0\033[38;2;16;14;19m1\033[38;2;6;6;11m0\033[38;2;2;3;8m1\033[38;2;6;6;11m0\033[38;2;9;9;12m0\033[38;2;12;10;14m1\033[38;2;19;14;17m1\033[38;2;23;16;17m1\033[38;2;14;10;12m1\033[38;2;22;13;14m1\033[38;2;88;45;35m1\033[38;2;184;111;65m1\033[38;2;208;131;75m1\033[38;2;186;106;68m1\033[38;2;189;108;76m1\033[38;2;203;124;93m0\033[38;2;221;146;111m0\033[38;2;224;152;116m0\033[38;2;226;153;117m1\033[38;2;217;139;108m1\033[38;2;206;125;97m1\033[38;2;203;122;96m0\033[38;2;203;122;94m0\033[38;2;210;128;100m1\033[38;2;204;120;94m1\033[38;2;198;117;93m1\033[38;2;193;113;91m1\033[38;2;195;116;94m1\033[38;2;195;116;97m0\033[38;2;186;108;97m1\033[38;2;183;108;97m1\033[38;2;180;105;96m0\033[38;2;179;105;96m1\033[38;2;176;105;94m1\033[38;2;176;105;96m010\033[38;2;176;105;97m0\033[38;2;174;105;99m1\033[38;2;174;109;102m0\033[38;2;176;116;108m1\033[38;2;174;116;109m1\033[38;2;171;116;109m1\033[38;2;170;117;111m1\033[38;2;168;116;111m0\033[38;2;155;108;103m0\033[38;2;138;97;93m0\033[38;2;120;87;85m1\033[38;2;84;62;64m1\033[38;2;28;23;26m0\033[38;2;12;12;17m0\033[38;2;13;14;18m0\033[38;2;17;17;23m1\033[38;2;23;24;30m0\033[38;2;29;30;35m0\033[38;2;61;64;69m1\033[38;2;141;168;190m0\033[38;2;171;212;239m0\033[38;2;180;223;249m1\033[38;2;183;227;251m0\033[38;2;182;226;250m1\033[38;2;177;225;250m0\033[38;2;176;225;249m0\033[38;2;174;224;249m0\033[38;2;173;223;249m0\033[38;2;171;222;248m0\033[38;2;170;221;247m1\033[38;2;170;220;247m1\033[38;2;168;218;246m0\033[38;2;167;218;246m00\033[38;2;167;217;246m1\033[38;2;165;217;246m11\033[38;2;165;216;245m0\033[38;2;164;216;245m0\033[38;2;164;215;245m1\033[38;2;162;215;245m1\033[38;2;162;214;244m01\033[38;2;161;214;244m1\033[38;2;161;213;243m1\033[38;2;159;213;243m1\033[38;2;159;212;243m001\033[38;2;158;212;243m00\033[0m\n\
\033[38;2;255;255;255m1010000011100\033[38;2;213;224;195m0\033[38;2;116;144;58m1\033[38;2;152;174;91m1\033[38;2;105;135;23m0\033[38;2;94;125;17m0\033[38;2;96;125;20m0\033[38;2;102;130;17m0\033[38;2;105;135;15m0\033[38;2;108;139;16m0\033[38;2;109;139;14m1\033[38;2;102;133;13m0\033[38;2;119;147;38m1\033[38;2;212;223;193m1\033[38;2;254;255;255m10001\033[38;2;238;246;241m1\033[38;2;161;182;139m0\033[38;2;97;120;45m1\033[38;2;87;114;14m0\033[38;2;69;97;20m0\033[38;2;68;87;38m1\033[38;2;73;96;48m0\033[38;2;222;232;234m1\033[38;2;250;254;255m0\033[38;2;249;253;255m1\033[38;2;249;254;255m1\033[38;2;248;253;255m0\033[38;2;244;250;254m0\033[38;2;241;248;253m0\033[38;2;239;245;251m1\033[38;2;240;243;249m1\033[38;2;227;208;198m1\033[38;2;223;170;124m0\033[38;2;226;162;103m1\033[38;2;212;139;81m1\033[38;2;156;94;57m0\033[38;2;81;51;41m1\033[38;2;34;26;28m1\033[38;2;15;14;20m1\033[38;2;20;17;22m1\033[38;2;39;27;30m0\033[38;2;61;41;41m1\033[38;2;90;60;57m1\033[38;2;119;79;73m1\033[38;2;152;103;94m1\033[38;2;174;122;109m1\033[38;2;189;133;119m0\033[38;2;195;138;124m1\033[38;2;201;142;128m0\033[38;2;206;147;135m1\033[38;2;207;152;138m0\033[38;2;206;150;138m011\033[38;2;204;149;138m0\033[38;2;202;146;135m1\033[38;2;198;141;131m1\033[38;2;197;139;128m1\033[38;2;195;136;127m1\033[38;2;193;133;124m1\033[38;2;190;130;120m0\033[38;2;189;127;117m1\033[38;2;184;122;113m1\033[38;2;179;116;106m0\033[38;2;171;108;99m0\033[38;2;164;102;91m1\033[38;2;152;91;82m0\033[38;2;133;78;71m0\033[38;2;109;64;60m0\033[38;2;64;39;39m0\033[38;2;23;17;20m1\033[38;2;19;16;20m1\033[38;2;12;10;14m1\033[38;2;3;4;8m1\033[38;2;2;3;8m1\033[38;2;3;4;9m0\033[38;2;5;5;9m1\033[38;2;6;6;9m0\033[38;2;6;5;8m1\033[38;2;23;14;17m0\033[38;2;91;47;40m1\033[38;2;187;103;73m0\033[38;2;229;147;93m0\033[38;2;222;141;94m0\033[38;2;228;155;108m1\033[38;2;238;177;124m0\033[38;2;244;187;131m0\033[38;2;245;187;128m1\033[38;2;247;189;128m0\033[38;2;245;187;131m0\033[38;2;234;164;120m0\033[38;2;224;144;111m1\033[38;2;221;138;108m0\033[38;2;218;133;105m1\033[38;2;220;133;105m0\033[38;2;215;128;103m0\033[38;2;213;127;103m0\033[38;2;210;127;105m1\033[38;2;212;130;111m1\033[38;2;209;128;113m1\033[38;2;201;122;111m1\033[38;2;195;119;109m1\033[38;2;190;114;106m1\033[38;2;187;113;105m0\033[38;2;183;108;102m1\033[38;2;182;108;102m1\033[38;2;184;109;103m1\033[38;2;183;109;102m0\033[38;2;184;113;106m0\033[38;2;184;116;109m0\033[38;2;184;119;113m0\033[38;2;183;124;116m0\033[38;2;179;122;116m0\033[38;2;177;124;117m0\033[38;2;176;124;119m1\033[38;2;176;125;120m1\033[38;2;177;130;125m1\033[38;2;177;133;128m1\033[38;2;176;141;135m0\033[38;2;174;141;139m0\033[38;2;113;87;88m1\033[38;2;29;24;28m1\033[38;2;18;18;23m1\033[38;2;20;20;25m0\033[38;2;26;25;32m1\033[38;2;41;42;47m0\033[38;2;102;119;131m0\033[38;2;170;212;235m1\033[38;2;189;232;252m0\033[38;2;189;231;252m0\033[38;2;186;230;252m0\033[38;2;183;229;251m1\033[38;2;182;228;251m1\033[38;2;179;227;250m0\033[38;2;177;226;250m0\033[38;2;176;224;249m0\033[38;2;174;223;249m0\033[38;2;173;223;249m0\033[38;2;173;222;248m0\033[38;2;171;222;248m0\033[38;2;171;221;247m1\033[38;2;170;221;247m0\033[38;2;170;220;247m01\033[38;2;168;220;247m1\033[38;2;168;220;246m1\033[38;2;167;218;245m1\033[38;2;167;218;246m0\033[38;2;165;217;245m1\033[38;2;165;216;245m1\033[38;2;164;216;245m00\033[38;2;164;215;245m1\033[38;2;162;215;245m1\033[38;2;162;214;244m1\033[38;2;161;214;244m01\033[38;2;161;213;243m0\033[38;2;159;213;243m0\033[0m\n\
\033[38;2;255;255;255m1000000010100\033[38;2;254;255;253m1\033[38;2;119;147;38m1\033[38;2;84;116;9m1\033[38;2;97;128;14m1\033[38;2;97;130;15m0\033[38;2;66;93;19m1\033[38;2;57;79;22m0\033[38;2;68;94;21m0\033[38;2;82;113;21m1\033[38;2;97;128;18m1\033[38;2;106;138;18m1\033[38;2;105;139;15m1\033[38;2;103;135;20m0\033[38;2;209;221;197m0\033[38;2;255;255;255m111\033[38;2;203;220;193m0\033[38;2;87;109;42m0\033[38;2;71;94;24m0\033[38;2;100;127;16m1\033[38;2;100;128;12m0\033[38;2;84;109;25m1\033[38;2;61;82;32m0\033[38;2;119;136;96m0\033[38;2;247;251;253m1\033[38;2;252;255;255m0\033[38;2;250;254;255m1\033[38;2;251;254;255m1\033[38;2;245;251;254m1\033[38;2;242;247;252m0\033[38;2;243;249;253m0\033[38;2;242;245;247m0\033[38;2;223;198;182m1\033[38;2;225;168;127m0\033[38;2;223;153;99m0\033[38;2;165;100;64m1\033[38;2;78;47;39m0\033[38;2;29;22;26m0\033[38;2;13;13;21m0\033[38;2;9;10;17m1\033[38;2;23;17;23m0\033[38;2;57;35;34m0\033[38;2;72;43;40m0\033[38;2;75;45;42m0\033[38;2;78;48;46m1\033[38;2;73;48;47m0\033[38;2;84;58;57m1\033[38;2;106;73;72m0\033[38;2;142;100;94m1\033[38;2;177;125;117m0\033[38;2;197;139;127m1\033[38;2;203;144;131m1\033[38;2;204;144;131m1\033[38;2;206;146;133m1\033[38;2;208;152;136m0\033[38;2;208;153;138m0\033[38;2;206;150;136m0\033[38;2;203;147;135m0\033[38;2;202;144;133m0\033[38;2;199;139;128m1\033[38;2;198;138;125m0\033[38;2;195;135;124m0\033[38;2;193;131;120m0\033[38;2;190;130;117m1\033[38;2;189;125;114m0\033[38;2;184;117;109m0\033[38;2;177;108;100m0\033[38;2;167;99;91m0\033[38;2;153;90;81m0\033[38;2;141;82;73m1\033[38;2;124;71;64m0\033[38;2;93;53;49m1\033[38;2;45;27;29m0\033[38;2;17;14;17m0\033[38;2;16;13;17m1\033[38;2;8;8;11m0\033[38;2;2;3;6m1\033[38;2;2;2;6m1\033[38;2;2;3;7m0\033[38;2;5;5;9m0\033[38;2;32;20;22m0\033[38;2;106;54;47m0\033[38;2;158;81;66m0\033[38;2;207;119;84m0\033[38;2;238;161;99m0\033[38;2;246;183;111m1\033[38;2;251;203;130m1\033[38;2;253;220;142m0\033[38;2;254;225;147m0\033[38;2;254;221;146m1\033[38;2;253;212;142m1\033[38;2;252;206;142m1\033[38;2;246;187;133m1\033[38;2;238;165;125m1\033[38;2;231;150;120m0\033[38;2;226;142;116m1\033[38;2;221;135;111m0\033[38;2;215;127;108m0\033[38;2;212;127;109m1\033[38;2;207;125;111m0\033[38;2;206;125;114m0\033[38;2;206;127;117m0\033[38;2;204;127;117m0\033[38;2;201;125;117m0\033[38;2;197;122;114m0\033[38;2;194;120;114m1\033[38;2;191;117;113m0\033[38;2;189;114;109m1\033[38;2;190;116;111m1\033[38;2;189;116;109m1\033[38;2;193;122;117m1\033[38;2;191;125;119m0\033[38;2;190;128;122m1\033[38;2;189;130;125m0\033[38;2;186;131;127m0\033[38;2;186;135;131m1\033[38;2;184;136;133m0\033[38;2;184;139;135m0\033[38;2;184;142;138m1\033[38;2;186;146;141m1\033[38;2;187;153;150m0\033[38;2;193;161;159m0\033[38;2;173;138;138m1\033[38;2;78;57;60m0\033[38;2;29;26;31m1\033[38;2;33;32;38m0\033[38;2;28;27;33m1\033[38;2;52;53;57m0\033[38;2;170;207;226m1\033[38;2;195;238;253m0\033[38;2;194;235;253m1\033[38;2;193;234;253m0\033[38;2;190;232;252m1\033[38;2;187;232;252m0\033[38;2;184;231;252m0\033[38;2;183;230;252m0\033[38;2;182;228;251m0\033[38;2;179;227;250m1\033[38;2;177;226;250m0\033[38;2;177;225;249m0\033[38;2;176;225;249m1\033[38;2;174;224;249m0\033[38;2;174;223;249m1\033[38;2;173;223;247m001\033[38;2;171;222;246m1\033[38;2;170;222;246m1\033[38;2;170;221;245m1\033[38;2;170;221;246m1\033[38;2;168;220;246m10\033[38;2;167;218;246m01\033[38;2;167;217;246m1\033[38;2;165;217;246m0\033[38;2;165;216;245m0\033[38;2;164;216;245m0\033[38;2;164;215;245m1\033[38;2;162;215;245m11\033[0m\n\
\033[38;2;255;255;255m00100111101010\033[38;2;179;201;102m0\033[38;2;96;130;8m1\033[38;2;105;139;12m1\033[38;2;100;133;14m0\033[38;2;73;103;18m0\033[38;2;57;84;23m0\033[38;2;49;76;23m1\033[38;2;45;69;23m0\033[38;2;51;75;23m1\033[38;2;78;106;23m1\033[38;2;103;136;20m0\033[38;2;103;136;16m0\033[38;2;122;146;52m0\033[38;2;249;251;251m1\033[38;2;255;255;255m0\033[38;2;220;232;204m1\033[38;2;79;103;28m0\033[38;2;65;88;30m0\033[38;2;71;97;32m1\033[38;2;69;93;23m1\033[38;2;66;93;23m0\033[38;2;56;82;27m1\033[38;2;103;124;84m1\033[38;2;236;243;241m1\033[38;2;254;255;255m0\033[38;2;253;255;255m0\033[38;2;251;254;255m0\033[38;2;245;250;253m1\033[38;2;243;247;251m0\033[38;2;245;249;253m1\033[38;2;241;245;247m0\033[38;2;225;201;182m1\033[38;2;227;173;127m1\033[38;2;208;136;88m0\033[38;2;105;64;51m0\033[38;2;35;27;31m1\033[38;2;23;21;28m0\033[38;2;39;34;35m1\033[38;2;28;27;31m0\033[38;2;24;24;29m0\033[38;2;54;41;40m1\033[38;2;90;58;52m0\033[38;2;99;64;56m1\033[38;2;106;68;60m0\033[38;2;117;73;64m0\033[38;2;120;73;64m0\033[38;2;116;68;60m0\033[38;2;105;62;54m0\033[38;2;90;54;51m0\033[38;2;93;57;54m0\033[38;2;117;73;71m0\033[38;2;164;108;99m0\033[38;2;199;136;122m0\033[38;2;209;147;130m1\033[38;2;210;150;135m11\033[38;2;208;147;133m0\033[38;2;203;142;128m1\033[38;2;202;138;125m0\033[38;2;201;135;120m1\033[38;2;198;131;117m0\033[38;2;198;133;119m1\033[38;2;195;131;119m1\033[38;2;193;131;117m0\033[38;2;189;127;116m1\033[38;2;184;119;109m0\033[38;2;180;111;103m0\033[38;2;171;102;94m1\033[38;2;161;94;87m1\033[38;2;149;87;76m1\033[38;2;131;75;66m0\033[38;2;106;60;53m0\033[38;2;71;39;38m0\033[38;2;28;17;20m1\033[38;2;12;10;13m0\033[38;2;8;8;10m0\033[38;2;3;3;6m1\033[38;2;2;3;6m1\033[38;2;3;4;7m1\033[38;2;17;13;16m0\033[38;2;91;49;46m0\033[38;2;150;78;65m1\033[38;2;170;90;71m1\033[38;2;208;122;87m0\033[38;2;245;173;105m0\033[38;2;251;195;119m0\033[38;2;253;213;139m0\033[38;2;253;226;153m0\033[38;2;253;227;159m0\033[38;2;250;214;153m0\033[38;2;247;201;147m0\033[38;2;242;187;139m0\033[38;2;238;176;136m1\033[38;2;234;162;130m1\033[38;2;231;153;127m1\033[38;2;226;144;120m0\033[38;2;215;131;114m1\033[38;2;210;127;114m1\033[38;2;208;127;116m0\033[38;2;204;124;113m1\033[38;2;202;122;113m1\033[38;2;202;124;114m0\033[38;2;202;122;113m0\033[38;2;198;120;111m1\033[38;2;195;117;109m0\033[38;2;193;116;108m1\033[38;2;187;114;106m0\033[38;2;184;113;108m1\033[38;2;184;114;109m1\033[38;2;179;111;106m0\033[38;2;170;109;106m0\033[38;2;162;108;108m0\033[38;2;153;105;106m1\033[38;2;139;99;102m0\033[38;2;133;97;102m1\033[38;2;133;100;105m0\033[38;2;144;111;116m0\033[38;2;156;124;127m0\033[38;2;167;138;139m0\033[38;2;182;152;153m1\033[38;2;193;161;161m0\033[38;2;197;165;165m1\033[38;2;191;159;159m0\033[38;2;124;93;96m0\033[38;2;37;32;37m1\033[38;2;35;33;39m1\033[38;2;37;34;38m1\033[38;2;103;117;125m0\033[38;2;204;241;254m0\033[38;2;199;239;254m1\033[38;2;198;238;253m0\033[38;2;197;237;253m0\033[38;2;194;236;253m1\033[38;2;191;234;252m1\033[38;2;190;233;252m1\033[38;2;187;232;252m0\033[38;2;186;232;251m0\033[38;2;184;231;251m0\033[38;2;183;229;251m0\033[38;2;182;229;250m1\033[38;2;180;228;250m1\033[38;2;180;227;249m1\033[38;2;179;227;248m1\033[38;2;179;226;248m1\033[38;2;177;226;247m1\033[38;2;176;226;247m0\033[38;2;176;225;247m1\033[38;2;174;224;247m1\033[38;2;174;224;246m1\033[38;2;173;223;246m1\033[38;2;171;223;247m0\033[38;2;171;222;247m1\033[38;2;171;222;246m1\033[38;2;170;221;246m10\033[38;2;168;220;245m10\033[38;2;167;218;245m000\033[38;2;167;217;244m1\033[0m\n\
\033[38;2;255;255;255m01111101000110\033[38;2;236;242;208m0\033[38;2;102;136;9m0\033[38;2;108;142;12m0\033[38;2;109;144;11m1\033[38;2;78;109;13m1\033[38;2;40;66;21m1\033[38;2;45;71;22m1\033[38;2;52;79;23m1\033[38;2;52;81;23m1\033[38;2;45;68;23m0\033[38;2;60;85;25m1\033[38;2;90;119;23m0\033[38;2;88;116;13m0\033[38;2;195;204;168m0\033[38;2;255;255;255m1\033[38;2;133;158;65m0\033[38;2;68;88;24m1\033[38;2;69;91;31m0\033[38;2;62;88;27m0\033[38;2;52;79;28m0\033[38;2;76;103;61m1\033[38;2;173;190;173m0\033[38;2;250;253;253m1\033[38;2;255;255;255m1\033[38;2;254;255;255m00\033[38;2;249;252;253m0\033[38;2;243;246;249m1\033[38;2;246;248;250m0\033[38;2;238;238;239m0\033[38;2;237;228;222m1\033[38;2;227;183;146m1\033[38;2;168;103;71m0\033[38;2;97;58;49m1\033[38;2;42;33;37m0\033[38;2;46;38;41m0\033[38;2;49;39;41m0\033[38;2;27;26;29m0\033[38;2;16;18;24m0\033[38;2;22;21;25m0\033[38;2;48;34;33m1\033[38;2;46;34;33m1\033[38;2;42;34;34m1\033[38;2;62;49;47m0\033[38;2;68;56;52m0\033[38;2;66;54;53m1\033[38;2;84;61;58m1\033[38;2;99;60;56m0\033[38;2;125;69;58m0\033[38;2;153;87;71m1\033[38;2;156;91;76m0\033[38;2;168;103;87m0\033[38;2;197;131;111m1\033[38;2;209;146;128m0\033[38;2;209;147;130m0\033[38;2;207;142;125m1\033[38;2;203;139;122m1\033[38;2;199;133;117m1\033[38;2;190;124;108m0\033[38;2;170;109;96m1\033[38;2;152;97;88m0\033[38;2;144;93;85m1\033[38;2;149;99;91m1\033[38;2;156;105;99m1\033[38;2;162;111;105m0\033[38;2;168;117;111m0\033[38;2;171;117;111m0\033[38;2;171;114;108m0\033[38;2;167;108;100m0\033[38;2;156;96;87m1\033[38;2;139;82;73m0\033[38;2;117;66;58m1\033[38;2;84;45;41m1\033[38;2;39;22;23m1\033[38;2;11;8;10m0\033[38;2;5;5;7m0\033[38;2;3;3;6m0\033[38;2;2;3;5m0\033[38;2;3;4;6m1\033[38;2;23;17;18m0\033[38;2;116;61;56m0\033[38;2;159;82;69m1\033[38;2;177;94;75m0\033[38;2;204;122;88m0\033[38;2;229;162;103m0\033[38;2;222;167;108m0\033[38;2;204;155;106m1\033[38;2;179;133;94m0\033[38;2;152;109;84m0\033[38;2;113;79;65m1\033[38;2;88;61;53m0\033[38;2;84;57;51m1\033[38;2;82;53;49m0\033[38;2;91;56;53m1\033[38;2;99;60;57m0\033[38;2;122;72;68m0\033[38;2;149;87;81m1\033[38;2;159;93;85m0\033[38;2;176;103;94m1\033[38;2;189;109;100m0\033[38;2;194;113;103m1\033[38;2;199;117;106m1\033[38;2;194;114;102m0\033[38;2;191;111;102m0\033[38;2;189;109;99m0\033[38;2;183;105;96m0\033[38;2;176;100;91m0\033[38;2;149;85;81m1\033[38;2;130;78;75m1\033[38;2;106;66;66m1\033[38;2;73;48;52m0\033[38;2;51;35;41m1\033[38;2;33;26;32m0\033[38;2;22;20;26m0\033[38;2;21;19;25m1\033[38;2;20;20;26m1\033[38;2;23;23;29m1\033[38;2;32;32;40m0\033[38;2;43;42;52m1\033[38;2;64;61;71m1\033[38;2;114;100;109m0\033[38;2;179;153;156m0\033[38;2;201;174;174m1\033[38;2;174;147;149m1\033[38;2;56;48;52m0\033[38;2;35;32;35m0\033[38;2;88;99;103m1\033[38;2;189;225;243m0\033[38;2;208;243;254m1\033[38;2;203;241;254m0\033[38;2;202;240;254m1\033[38;2;199;239;253m1\033[38;2;198;238;253m0\033[38;2;197;238;253m0\033[38;2;195;237;252m0\033[38;2;193;236;252m1\033[38;2;191;235;252m1\033[38;2;190;233;252m1\033[38;2;189;232;251m1\033[38;2;187;232;250m1\033[38;2;187;231;250m0\033[38;2;186;230;249m1\033[38;2;184;229;249m11\033[38;2;183;229;249m0\033[38;2;180;229;248m1\033[38;2;179;228;248m1\033[38;2;179;228;247m0\033[38;2;177;227;247m0\033[38;2;177;226;247m1\033[38;2;176;226;247m0\033[38;2;176;225;246m11\033[38;2;174;225;246m1\033[38;2;174;224;246m1\033[38;2;173;224;246m0\033[38;2;171;223;246m1\033[38;2;171;222;246m0\033[38;2;171;222;245m1\033[38;2;170;222;245m1\033[38;2;171;221;245m0\033[0m\n\
\033[38;2;255;255;255m000111110\033[38;2;242;245;239m0\033[38;2;245;248;246m0\033[38;2;254;255;254m0\033[38;2;255;255;255m010\033[38;2;182;199;97m1\033[38;2;93;127;5m1\033[38;2;102;138;9m0\033[38;2;106;142;10m1\033[38;2;73;105;12m1\033[38;2;42;66;19m1\033[38;2;41;65;23m1\033[38;2;81;109;23m1\033[38;2;100;130;18m1\033[38;2;88;116;18m1\033[38;2;102;125;46m1\033[38;2;171;186;139m0\033[38;2;186;195;162m1\033[38;2;245;249;241m1\033[38;2;91;111;23m0\033[38;2;68;90;25m1\033[38;2;76;99;43m1\033[38;2;122;144;100m0\033[38;2;202;214;198m1\033[38;2;250;252;252m1\033[38;2;255;255;255m010\033[38;2;254;255;255m11\033[38;2;247;249;251m0\033[38;2;243;241;242m0\033[38;2;241;238;238m1\033[38;2;241;231;222m1\033[38;2;210;164;125m0\033[38;2;141;87;64m0\033[38;2;99;61;52m0\033[38;2;57;37;37m1\033[38;2;30;25;30m0\033[38;2;60;43;45m1\033[38;2;22;21;26m1\033[38;2;16;17;23m1\033[38;2;20;17;23m0\033[38;2;65;39;38m0\033[38;2;81;47;42m1\033[38;2;53;35;34m1\033[38;2;60;43;42m1\033[38;2;119;96;85m0\033[38;2;84;76;72m1\033[38;2;32;38;37m0\033[38;2;33;35;34m0\033[38;2;57;49;49m1\033[38;2;82;58;58m1\033[38;2;116;69;61m0\033[38;2;161;93;75m0\033[38;2;176;105;84m0\033[38;2;198;131;109m0\033[38;2;212;152;135m1\033[38;2;209;150;133m1\033[38;2;198;135;120m0\033[38;2;187;122;105m1\033[38;2;179;111;94m0\033[38;2;162;96;82m1\033[38;2;136;79;68m0\033[38;2;114;66;60m0\033[38;2;90;52;48m1\033[38;2;78;45;43m0\033[38;2;76;45;45m0\033[38;2;73;45;45m1\033[38;2;76;47;48m0\033[38;2;82;53;54m1\033[38;2;94;61;64m1\033[38;2;108;72;72m1\033[38;2;122;79;78m1\033[38;2;139;87;82m1\033[38;2;130;75;69m1\033[38;2;100;53;48m1\033[38;2;52;26;27m0\033[38;2;13;9;11m1\033[38;2;3;4;6m1\033[38;2;3;3;6m0\033[38;2;2;3;5m0\033[38;2;3;3;6m0\033[38;2;27;18;20m0\033[38;2;127;66;60m0\033[38;2;167;88;75m1\033[38;2;135;71;58m1\033[38;2;117;72;56m0\033[38;2;155;103;78m1\033[38;2;147;96;75m1\033[38;2;141;88;69m0\033[38;2;120;66;58m1\033[38;2;114;60;54m1\033[38;2;99;52;48m0\033[38;2;78;40;39m1\033[38;2;65;33;32m0\033[38;2;54;27;28m1\033[38;2;52;26;27m0\033[38;2;47;23;24m0\033[38;2;58;29;30m0\033[38;2;88;45;43m0\033[38;2;105;54;51m1\033[38;2;109;57;53m0\033[38;2;138;71;62m0\033[38;2;171;91;79m0\033[38;2;187;103;90m0\033[38;2;189;105;93m1\033[38;2;186;105;93m0\033[38;2;179;99;87m1\033[38;2;168;91;81m1\033[38;2;156;84;73m0\033[38;2;117;62;56m0\033[38;2;91;49;46m0\033[38;2;88;48;46m1\033[38;2;69;38;37m1\033[38;2;72;39;37m0\033[38;2;68;37;35m1\033[38;2;64;34;33m0\033[38;2;71;39;38m0\033[38;2;73;42;41m0\033[38;2;73;43;42m0\033[38;2;69;43;43m1\033[38;2;62;42;45m1\033[38;2;53;41;46m0\033[38;2;47;43;49m1\033[38;2;72;68;75m0\033[38;2;156;141;144m0\033[38;2;189;170;173m0\033[38;2;71;61;65m0\033[38;2;82;85;88m1\033[38;2;190;225;241m1\033[38;2;213;246;255m0\033[38;2;210;243;254m0\033[38;2;208;243;254m1\033[38;2;207;242;254m1\033[38;2;204;241;254m1\033[38;2;202;241;253m1\033[38;2;201;240;253m1\033[38;2;199;239;253m1\033[38;2;198;238;253m1\033[38;2;195;237;252m00\033[38;2;197;238;253m1\033[38;2;193;235;251m1\033[38;2;190;233;250m1\033[38;2;189;232;250m10\033[38;2;187;232;249m11\033[38;2;186;231;249m1\033[38;2;184;231;249m0\033[38;2;183;230;249m1\033[38;2;182;230;249m00\033[38;2;180;229;248m1\033[38;2;179;228;247m10\033[38;2;179;227;247m0\033[38;2;177;227;247m1\033[38;2;177;226;247m1\033[38;2;176;226;246m1\033[38;2;174;225;246m11\033[38;2;174;224;246m01\033[0m\n\
\033[38;2;255;255;255m100000011\033[38;2;138;155;90m1\033[38;2;66;91;34m0\033[38;2;103;131;58m1\033[38;2;147;173;105m1\033[38;2;209;222;191m1\033[38;2;251;253;250m1\033[38;2;201;208;186m1\033[38;2;146;167;96m1\033[38;2;125;156;28m0\033[38;2;108;144;10m1\033[38;2;111;147;12m1\033[38;2;96;128;12m0\033[38;2;68;93;17m0\033[38;2;75;100;20m0\033[38;2;103;135;16m1\033[38;2;105;135;14m0\033[38;2;176;190;113m0\033[38;2;255;255;255m0\033[38;2;248;250;249m0\033[38;2;217;224;193m0\033[38;2;162;170;113m1\033[38;2;215;221;201m0\033[38;2;247;249;246m1\033[38;2;255;255;255m0001111\033[38;2;252;254;254m1\033[38;2;241;242;242m1\033[38;2;233;229;226m0\033[38;2;235;220;206m0\033[38;2;183;122;84m1\033[38;2;124;79;61m1\033[38;2;125;88;78m0\033[38;2;79;48;46m1\033[38;2;37;24;27m1\033[38;2;32;26;29m1\033[38;2;53;40;42m1\033[38;2;20;19;24m0\033[38;2;22;19;23m0\033[38;2;78;42;40m1\033[38;2;128;65;56m0\033[38;2;141;73;62m0\033[38;2;147;79;66m1\033[38;2;153;87;72m1\033[38;2;153;93;75m0\033[38;2;141;90;73m1\033[38;2;119;81;68m1\033[38;2;108;79;68m1\033[38;2;119;93;81m1\033[38;2;150;117;105m0\033[38;2;109;82;79m0\033[38;2;125;88;82m0\033[38;2;156;102;90m1\033[38;2;189;133;119m1\033[38;2;207;161;149m0\033[38;2;201;155;142m0\033[38;2;183;128;117m1\033[38;2;159;97;88m1\033[38;2;136;79;72m1\033[38;2;124;72;66m1\033[38;2;122;75;69m1\033[38;2;122;79;73m0\033[38;2;119;79;73m0\033[38;2;114;76;71m1\033[38;2;109;72;68m0\033[38;2;108;71;68m1\033[38;2;109;69;65m0\033[38;2;103;61;57m0\033[38;2;94;53;49m1\033[38;2;87;47;46m1\033[38;2;78;42;42m1\033[38;2;76;42;42m1\033[38;2;88;49;48m0\033[38;2;91;47;45m1\033[38;2;64;32;31m1\033[38;2;20;12;14m0\033[38;2;3;3;6m001\033[38;2;2;3;5m1\033[38;2;30;20;21m1\033[38;2;130;68;61m1\033[38;2;153;82;69m1\033[38;2;116;64;53m1\033[38;2;149;84;68m1\033[38;2;183;105;84m1\033[38;2;202;122;94m0\033[38;2;216;139;105m0\033[38;2;214;133;102m1\033[38;2;203;119;96m0\033[38;2;197;111;91m1\033[38;2;190;103;87m0\033[38;2;174;90;76m0\033[38;2;162;78;66m0\033[38;2;156;72;62m0\033[38;2;155;71;60m0\033[38;2;150;68;57m1\033[38;2;146;65;53m0\033[38;2;139;61;51m0\033[38;2;141;64;53m0\033[38;2;161;78;64m1\033[38;2;187;99;81m0\033[38;2;195;109;94m1\033[38;2;193;109;99m1\033[38;2;183;103;91m0\033[38;2;170;91;79m0\033[38;2;156;79;69m0\033[38;2;139;68;57m1\033[38;2;127;61;52m1\033[38;2;120;58;49m1\033[38;2;117;58;48m0\033[38;2;122;60;49m0\033[38;2;124;61;51m0\033[38;2;128;66;56m1\033[38;2;136;72;61m1\033[38;2;147;81;71m0\033[38;2;152;87;76m1\033[38;2;155;91;79m0\033[38;2;156;94;84m0\033[38;2;155;96;85m1\033[38;2;144;94;85m1\033[38;2;127;90;85m1\033[38;2;106;87;87m0\033[38;2;124;109;114m0\033[38;2;168;153;158m1\033[38;2;81;76;76m1\033[38;2;176;203;217m0\033[38;2;220;249;255m1\033[38;2;215;246;255m10\033[38;2;214;245;255m0\033[38;2;210;244;254m0\033[38;2;209;243;254m1\033[38;2;207;243;254m0\033[38;2;206;242;254m1\033[38;2;203;241;253m1\033[38;2;202;241;253m01\033[38;2;193;233;249m1\033[38;2;164;208;224m1\033[38;2;191;232;248m0\033[38;2;198;237;252m1\033[38;2;195;236;251m1\033[38;2;195;237;252m1\033[38;2;191;233;250m1\033[38;2;190;232;249m1\033[38;2;191;234;250m1\033[38;2;190;233;250m0\033[38;2;189;232;249m0\033[38;2;187;232;249m0\033[38;2;186;232;249m1\033[38;2;184;232;249m1\033[38;2;183;231;249m0\033[38;2;183;231;248m1\033[38;2;182;230;249m01\033[38;2;180;229;248m1\033[38;2;179;228;248m1\033[38;2;179;228;247m0\033[38;2;179;227;247m1\033[38;2;177;227;247m01\033[0m\n\
\033[38;2;254;254;254m0\033[38;2;255;255;255m110\033[38;2;255;255;254m1\033[38;2;253;254;252m1\033[38;2;255;255;255m11\033[38;2;249;251;240m1\033[38;2;103;125;38m1\033[38;2;65;90;20m0\033[38;2;65;93;20m1\033[38;2;64;96;16m1\033[38;2;64;97;17m1\033[38;2;71;97;32m1\033[38;2;79;109;46m1\033[38;2;164;180;152m0\033[38;2;170;183;135m1\033[38;2;111;138;31m0\033[38;2;113;146;15m1\033[38;2;103;138;11m1\033[38;2;93;125;9m0\033[38;2;94;127;12m1\033[38;2;93;127;14m0\033[38;2;84;116;14m0\033[38;2;189;203;167m1\033[38;2;255;255;255m1\033[38;2;222;228;210m1\033[38;2;236;235;228m1\033[38;2;255;255;255m0000111000\033[38;2;250;253;253m1\033[38;2;230;223;218m1\033[38;2;217;191;174m1\033[38;2;147;94;68m0\033[38;2;131;87;71m0\033[38;2;156;122;108m0\033[38;2;94;62;54m1\033[38;2;62;39;38m0\033[38;2;28;20;23m0\033[38;2;21;17;20m0\033[38;2;60;47;51m1\033[38;2;29;26;31m1\033[38;2;75;41;40m0\033[38;2;161;82;69m0\033[38;2;180;97;84m1\033[38;2;184;105;91m0\033[38;2;184;111;99m0\033[38;2;183;113;102m0\033[38;2;183;117;103m1\033[38;2;180;119;103m0\033[38;2;177;120;103m0\033[38;2;182;128;113m1\033[38;2;183;135;119m1\033[38;2;183;138;124m0\033[38;2;97;72;66m0\033[38;2;106;73;71m1\033[38;2;161;114;109m1\033[38;2;176;128;128m1\033[38;2;146;103;105m0\033[38;2;113;78;79m0\033[38;2;94;62;62m0\033[38;2;99;68;68m0\033[38;2;119;91;91m1\033[38;2;117;91;90m0\033[38;2;108;79;76m1\033[38;2;99;71;68m1\033[38;2;100;76;73m1\033[38;2;96;78;75m0\033[38;2;58;48;48m1\033[38;2;38;31;32m1\033[38;2;48;40;39m0\033[38;2;65;51;48m1\033[38;2;84;56;53m0\033[38;2;106;62;60m1\033[38;2;114;61;57m1\033[38;2;102;49;47m0\033[38;2;71;34;33m1\033[38;2;68;32;33m1\033[38;2;58;28;29m0\033[38;2;23;13;15m1\033[38;2;3;3;5m1\033[38;2;3;3;6m01\033[38;2;2;3;5m1\033[38;2;29;19;20m0\033[38;2;125;66;57m0\033[38;2;147;79;66m1\033[38;2;167;93;76m0\033[38;2;173;90;71m1\033[38;2;173;85;66m1\033[38;2;180;93;72m1\033[38;2;194;114;87m1\033[38;2;189;114;90m1\033[38;2;171;97;81m1\033[38;2;153;84;71m1\033[38;2;138;72;61m1\033[38;2;124;57;49m1\033[38;2;116;48;41m0\033[38;2;114;46;38m1\033[38;2;119;47;39m0\033[38;2;130;53;43m1\033[38;2;142;61;48m0\033[38;2;159;69;54m1\033[38;2;179;84;65m0\033[38;2;199;106;85m1\033[38;2;215;127;108m1\033[38;2;213;130;114m0\033[38;2;201;122;109m0\033[38;2;187;111;102m1\033[38;2;173;99;88m1\033[38;2;146;75;65m1\033[38;2;130;64;53m0\033[38;2;113;53;45m1\033[38;2;97;46;38m0\033[38;2;88;41;33m1\033[38;2;85;40;32m0\033[38;2;85;42;35m0\033[38;2;90;47;41m1\033[38;2;94;52;46m0\033[38;2;99;57;52m0\033[38;2;102;60;54m0\033[38;2;105;62;57m0\033[38;2;114;71;62m0\033[38;2;125;76;66m0\033[38;2;142;90;78m1\033[38;2;158;106;94m1\033[38;2;149;106;97m1\033[38;2;161;139;139m0\033[38;2;147;136;142m0\033[38;2;131;146;152m0\033[38;2;220;246;254m0\033[38;2;222;249;255m0\033[38;2;220;247;255m00\033[38;2;217;247;255m0\033[38;2;215;246;255m1\033[38;2;213;245;254m0\033[38;2;210;244;254m1\033[38;2;209;244;254m1\033[38;2;208;243;254m1\033[38;2;207;243;254m0\033[38;2;206;242;254m1\033[38;2;119;153;168m1\033[38;2;122;155;162m1\033[38;2;201;238;251m0\033[38;2;206;241;254m1\033[38;2;202;239;253m1\033[38;2;182;226;243m1\033[38;2;170;212;232m0\033[38;2;191;230;247m0\033[38;2;198;238;252m0\033[38;2;194;236;251m0\033[38;2;194;235;251m0\033[38;2;193;235;251m0\033[38;2;191;235;251m1\033[38;2;190;234;250m1\033[38;2;189;234;250m1\033[38;2;187;233;250m0\033[38;2;187;233;249m0\033[38;2;186;232;249m00\033[38;2;184;232;249m1\033[38;2;183;231;249m1\033[38;2;182;230;249m000\033[0m\n\
\033[38;2;218;225;191m0\033[38;2;195;206;161m1\033[38;2;242;245;238m1\033[38;2;250;250;238m0\033[38;2;146;155;64m1\033[38;2;195;202;152m1\033[38;2;255;255;254m1\033[38;2;249;250;238m0\033[38;2;232;236;199m0\033[38;2;94;113;38m1\033[38;2;53;73;23m0\033[38;2;62;87;24m0\033[38;2;62;93;19m1\033[38;2;57;87;17m0\033[38;2;41;60;16m0\033[38;2;46;68;17m1\033[38;2;54;84;16m1\033[38;2;61;84;23m0\033[38;2;64;79;28m1\033[38;2;73;91;24m0\033[38;2;119;141;53m1\033[38;2;153;179;71m0\033[38;2;109;141;27m1\033[38;2;84;117;14m0\033[38;2;76;109;12m1\033[38;2;201;212;179m0\033[38;2;249;250;246m1\033[38;2;237;239;230m0\033[38;2;255;255;255m1\033[38;2;254;254;254m1\033[38;2;255;255;255m10\033[38;2;251;252;251m0\033[38;2;232;233;229m0\033[38;2;225;227;221m0\033[38;2;233;235;232m1\033[38;2;254;254;253m0\033[38;2;253;252;248m1\033[38;2;253;254;253m1\033[38;2;243;243;241m0\033[38;2;225;207;187m1\033[38;2;229;203;161m0\033[38;2;218;197;159m0\033[38;2;158;127;114m0\033[38;2;130;96;87m0\033[38;2;66;40;34m1\033[38;2;41;25;25m0\033[38;2;18;13;16m1\033[38;2;16;12;16m0\033[38;2;23;17;21m0\033[38;2;99;65;66m1\033[38;2;173;97;87m1\033[38;2;210;117;102m0\033[38;2;215;125;108m0\033[38;2;213;130;114m0\033[38;2;210;131;117m1\033[38;2;206;130;117m0\033[38;2;201;130;117m0\033[38;2;195;128;116m1\033[38;2;194;127;116m1\033[38;2;207;136;125m0\033[38;2;176;114;106m1\033[38;2;124;84;78m1\033[38;2;156;103;94m0\033[38;2;227;162;153m0\033[38;2;231;167;164m0\033[38;2;217;152;152m1\033[38;2;189;116;117m1\033[38;2;152;90;91m1\033[38;2;72;47;48m0\033[38;2;105;82;81m0\033[38;2;135;103;102m1\033[38;2;135;108;109m1\033[38;2;119;93;94m0\033[38;2;113;87;90m0\033[38;2;117;94;96m0\033[38;2;122;108;106m0\033[38;2;49;47;47m0\033[38;2;21;23;24m1\033[38;2;18;21;22m0\033[38;2;21;23;23m0\033[38;2;17;17;19m1\033[38;2;40;29;30m1\033[38;2;54;37;38m0\033[38;2;61;32;33m0\033[38;2;68;31;32m1\033[38;2;64;30;32m0\033[38;2;43;22;23m0\033[38;2;12;8;10m1\033[38;2;2;3;5m0\033[38;2;3;3;6m0\033[38;2;3;3;5m1\033[38;2;2;2;4m1\033[38;2;24;15;16m1\033[38;2;125;68;58m0\033[38;2;161;88;75m0\033[38;2;174;96;75m0\033[38;2;147;71;54m0\033[38;2;105;45;38m1\033[38;2;84;38;35m1\033[38;2;87;46;43m0\033[38;2;81;46;46m1\033[38;2;69;41;42m0\033[38;2;40;23;26m0\033[38;2;33;19;23m0\033[38;2;34;19;23m0\033[38;2;54;27;29m0\033[38;2;65;28;27m0\033[38;2;69;28;26m0\033[38;2;100;43;39m0\033[38;2;144;69;60m0\033[38;2;171;91;79m1\033[38;2;197;111;94m0\033[38;2;206;114;96m0\033[38;2;226;141;116m0\033[38;2;228;147;122m0\033[38;2;210;128;116m1\033[38;2;197;120;114m1\033[38;2;174;103;97m0\033[38;2;147;81;73m0\033[38;2;136;72;65m0\033[38;2;120;64;58m1\033[38;2;90;45;40m0\033[38;2;60;29;26m1\033[38;2;54;28;27m0\033[38;2;57;33;33m0\033[38;2;26;17;18m1\033[38;2;21;14;16m0\033[38;2;17;12;14m0\033[38;2;19;14;16m1\033[38;2;34;24;26m0\033[38;2;42;30;30m0\033[38;2;62;43;42m0\033[38;2;72;47;43m0\033[38;2;99;62;53m0\033[38;2;144;99;84m0\033[38;2;177;152;149m1\033[38;2;138;127;135m0\033[38;2;119;91;91m0\033[38;2;164;125;125m1\033[38;2;204;216;230m1\033[38;2;221;249;255m0\033[38;2;208;239;246m0\033[38;2;209;241;250m0\033[38;2;218;247;255m1\033[38;2;216;246;255m0\033[38;2;215;246;254m0\033[38;2;214;245;254m1\033[38;2;212;244;253m1\033[38;2;210;243;254m1\033[38;2;170;209;229m1\033[38;2;100;130;133m1\033[38;2;136;171;179m1\033[38;2;182;217;235m0\033[38;2;177;217;234m1\033[38;2;155;195;213m1\033[38;2;164;207;221m0\033[38;2;199;238;252m1\033[38;2;177;221;238m1\033[38;2;189;227;241m1\033[38;2;204;242;253m1\033[38;2;201;241;253m0\033[38;2;197;238;252m0\033[38;2;189;232;247m0\033[38;2;194;234;249m0\033[38;2;197;238;252m1\033[38;2;195;237;252m1\033[38;2;194;236;252m1\033[38;2;193;235;251m1\033[38;2;186;230;247m1\033[38;2;184;228;245m1\033[38;2;191;235;250m0\033[38;2;189;235;250m1\033[38;2;186;233;249m1\033[38;2;186;232;249m0\033[0m\n\
\033[38;2;249;250;243m1\033[38;2;249;251;243m1\033[38;2;204;210;165m1\033[38;2;225;227;198m0\033[38;2;208;213;164m0\033[38;2;209;216;155m0\033[38;2;174;187;105m0\033[38;2;170;183;105m0\033[38;2;229;234;214m0\033[38;2;217;223;186m0\033[38;2;57;75;26m0\033[38;2;53;72;27m0\033[38;2;61;90;21m1\033[38;2;54;85;15m1\033[38;2;43;68;16m1\033[38;2;38;53;17m1\033[38;2;41;58;17m0\033[38;2;61;87;18m0\033[38;2;64;93;17m0\033[38;2;60;82;20m0\033[38;2;87;102;61m1\033[38;2;225;229;226m1\033[38;2;253;254;252m1\033[38;2;235;241;224m0\033[38;2;174;191;162m1\033[38;2;190;201;197m0\033[38;2;216;220;216m0\033[38;2;251;253;252m1\033[38;2;201;208;198m1\033[38;2;195;202;195m0\033[38;2;251;252;252m0\033[38;2;250;252;251m1\033[38;2;195;201;191m1\033[38;2;186;190;177m1\033[38;2;187;190;179m1\033[38;2;191;193;180m0\033[38;2;208;204;187m1\033[38;2;227;220;198m1\033[38;2;233;232;222m1\033[38;2;243;234;209m1\033[38;2;243;232;190m1\033[38;2;253;246;217m0\033[38;2;238;234;218m1\033[38;2;141;114;103m0\033[38;2;124;96;84m1\033[38;2;194;173;152m0\033[38;2;202;184;159m0\033[38;2;108;100;91m1\033[38;2;39;33;34m0\033[38;2;111;85;73m1\033[38;2;193;99;78m1\033[38;2;207;130;111m1\033[38;2;201;130;117m1\033[38;2;204;128;114m1\033[38;2;208;125;113m1\033[38;2;212;127;113m10\033[38;2;212;128;113m1\033[38;2;209;127;113m1\033[38;2;203;120;109m1\033[38;2;186;109;99m1\033[38;2;170;99;90m1\033[38;2;201;128;120m1\033[38;2;226;152;147m0\033[38;2;213;142;142m1\033[38;2;202;130;133m1\033[38;2;186;113;114m1\033[38;2;174;99;102m1\033[38;2;171;100;103m1\033[38;2;85;52;54m1\033[38;2;78;56;58m1\033[38;2;88;62;66m0\033[38;2;149;102;108m1\033[38;2;150;100;106m1\033[38;2;149;99;103m1\033[38;2;139;90;93m0\033[38;2;128;78;78m1\033[38;2;124;73;73m0\033[38;2;108;65;64m0\033[38;2;94;58;56m0\033[38;2;75;47;46m0\033[38;2;60;37;37m1\033[38;2;69;42;43m1\033[38;2;88;52;53m0\033[38;2;66;42;46m0\033[38;2;49;31;35m0\033[38;2;47;29;32m1\033[38;2;17;10;12m1\033[38;2;4;3;5m1\033[38;2;2;2;4m1\033[38;2;4;3;5m11\033[38;2;2;2;3m0\033[38;2;25;15;16m0\033[38;2;130;71;61m0\033[38;2;171;96;79m1\033[38;2;182;100;79m1\033[38;2;174;94;75m1\033[38;2;164;85;68m1\033[38;2;164;82;66m1\033[38;2;171;90;75m0\033[38;2;165;85;71m1\033[38;2;153;75;62m1\033[38;2;138;62;52m1\033[38;2;130;57;49m1\033[38;2;130;58;51m1\033[38;2;133;60;53m0\033[38;2;139;65;60m1\033[38;2;153;78;71m0\033[38;2;170;91;82m0\033[38;2;187;105;94m1\033[38;2;203;120;109m1\033[38;2;213;125;109m0\033[38;2;236;152;111m0\033[38;2;252;201;141m1\033[38;2;248;170;122m0\033[38;2;238;147;117m1\033[38;2;216;130;117m1\033[38;2;190;113;109m0\033[38;2;161;90;87m1\033[38;2;158;91;87m0\033[38;2;150;87;81m1\033[38;2;139;78;75m0\033[38;2;128;71;66m0\033[38;2;119;64;60m1\033[38;2;113;58;54m1\033[38;2;103;53;48m0\033[38;2;99;49;45m1\033[38;2;103;52;48m0\033[38;2;109;58;53m1\033[38;2;119;65;60m1\033[38;2;130;76;69m1\033[38;2;141;93;85m0\033[38;2;146;108;100m1\033[38;2;139;105;96m1\033[38;2;155;119;106m1\033[38;2;179;152;146m1\033[38;2;161;130;130m1\033[38;2;139;66;61m0\033[38;2;152;65;60m0\033[38;2;194;203;180m1\033[38;2;171;207;146m1\033[38;2;187;223;203m1\033[38;2;214;245;252m0\033[38;2;221;249;255m0\033[38;2;220;248;255m1\033[38;2;220;249;255m0\033[38;2;215;246;254m1\033[38;2;216;247;254m0\033[38;2;204;239;252m1\033[38;2;146;179;195m0\033[38;2;93;122;122m1\033[38;2;170;210;227m1\033[38;2;91;117;119m0\033[38;2;142;177;183m1\033[38;2;176;216;230m1\033[38;2;195;235;249m1\033[38;2;162;206;226m1\033[38;2;69;88;91m1\033[38;2;81;103;102m1\033[38;2;136;177;184m0\033[38;2;189;231;243m0\033[38;2;139;187;204m0\033[38;2;119;161;165m1\033[38;2;173;216;231m0\033[38;2;202;241;253m0\033[38;2;201;241;253m0\033[38;2;201;240;253m0\033[38;2;193;235;252m1\033[38;2;120;167;193m0\033[38;2;65;99;96m1\033[38;2;114;153;150m0\033[38;2;190;232;244m0\033[38;2;195;238;251m1\033[38;2;195;239;252m1\033[0m\n\
\033[38;2;174;180;73m1\033[38;2;225;231;195m0\033[38;2;217;223;164m1\033[38;2;208;213;128m1\033[38;2;198;207;116m0\033[38;2;120;138;28m0\033[38;2;124;136;43m0\033[38;2;149;161;71m0\033[38;2;109;130;57m0\033[38;2;189;201;150m0\033[38;2;94;117;43m1\033[38;2;47;65;24m1\033[38;2;56;78;23m0\033[38;2;64;96;17m0\033[38;2;56;85;14m1\033[38;2;47;69;16m1\033[38;2;39;56;17m0\033[38;2;51;71;17m0\033[38;2;61;93;14m0\033[38;2;64;97;15m0\033[38;2;53;71;24m1\033[38;2;69;84;51m1\033[38;2;221;225;221m0\033[38;2;255;255;254m1\033[38;2;232;231;220m1\033[38;2;186;190;187m0\033[38;2;182;187;186m0\033[38;2;191;195;187m1\033[38;2;182;187;179m1\033[38;2;182;193;187m1\033[38;2;197;206;203m0\033[38;2;202;210;206m0\033[38;2;189;197;190m0\033[38;2;191;197;187m1\033[38;2;194;195;179m0\033[38;2;190;187;168m0\033[38;2;190;189;173m1\033[38;2;197;198;184m0\033[38;2;198;198;182m0\033[38;2;215;208;183m0\033[38;2;228;216;182m0\033[38;2;237;232;221m1\033[38;2;236;233;227m0\033[38;2;159;135;116m0\033[38;2;220;207;182m0\033[38;2;253;250;232m1\033[38;2;243;238;217m1\033[38;2;231;227;207m1\033[38;2;228;221;198m1\033[38;2;249;242;218m1\033[38;2;226;193;164m0\033[38;2;241;229;208m0\033[38;2;244;237;217m0\033[38;2;230;193;164m0\033[38;2;206;94;69m1\033[38;2;207;114;91m1\033[38;2;203;122;102m0\033[38;2;193;102;85m1\033[38;2;186;87;73m1\033[38;2;186;93;79m0\033[38;2;203;120;108m0\033[38;2;229;153;141m1\033[38;2;229;150;142m0\033[38;2;207;127;127m0\033[38;2;187;111;117m1\033[38;2;174;102;109m1\033[38;2;159;88;96m1\033[38;2;147;79;85m1\033[38;2;149;81;87m0\033[38;2;108;60;64m0\033[38;2;85;51;56m0\033[38;2;111;65;71m0\033[38;2;155;96;103m1\033[38;2;173;109;119m0\033[38;2;174;111;120m1\033[38;2;177;113;122m0\033[38;2;177;109;120m1\033[38;2;176;103;114m0\033[38;2;174;97;105m1\033[38;2;167;90;94m1\033[38;2;159;84;87m1\033[38;2;150;78;79m0\033[38;2;136;66;69m1\033[38;2;120;58;61m0\033[38;2;78;39;41m1\033[38;2;68;28;31m0\033[38;2;49;22;24m1\033[38;2;26;13;15m1\033[38;2;4;3;5m0\033[38;2;2;2;4m0\033[38;2;4;3;5m00\033[38;2;1;2;3m1\033[38;2;32;18;19m0\033[38;2;135;73;62m1\033[38;2;177;100;82m0\033[38;2;197;114;94m0\033[38;2;214;128;113m1\033[38;2;217;130;117m1\033[38;2;208;117;105m0\033[38;2;197;106;94m1\033[38;2;189;99;87m1\033[38;2;183;94;84m1\033[38;2;183;96;85m0\033[38;2;184;99;88m1\033[38;2;187;102;93m0\033[38;2;191;106;99m0\033[38;2;201;116;109m1\033[38;2;206;122;116m1\033[38;2;207;124;117m1\033[38;2;210;128;120m0\033[38;2;220;133;114m1\033[38;2;243;155;105m1\033[38;2;254;199;128m1\033[38;2;254;225;156m0\033[38;2;249;171;122m1\033[38;2;240;147;116m1\033[38;2;224;128;116m1\033[38;2;206;124;124m1\033[38;2;182;108;105m1\033[38;2;168;97;93m1\033[38;2;167;96;93m1\033[38;2;170;99;97m0\033[38;2;165;97;97m1\033[38;2;158;91;90m0\033[38;2;150;84;81m1\033[38;2;142;78;73m1\033[38;2;138;71;66m1\033[38;2;135;66;62m0\033[38;2;136;65;61m1\033[38;2;138;66;61m1\033[38;2;144;72;69m0\033[38;2;155;87;84m0\033[38;2;167;105;103m0\033[38;2;180;130;128m1\033[38;2;187;153;153m0\033[38;2;187;161;161m1\033[38;2;184;153;153m1\033[38;2;146;51;49m1\033[38;2;156;76;64m1\033[38;2;191;224;186m1\033[38;2;215;243;243m0\033[38;2;225;250;255m0\033[38;2;230;252;255m1\033[38;2;227;252;255m0\033[38;2;225;252;255m1\033[38;2;208;241;252m1\033[38;2;152;194;203m0\033[38;2;127;161;165m0\033[38;2;117;149;141m1\033[38;2;99;125;99m1\033[38;2;116;139;91m1\033[38;2;158;179;96m1\033[38;2;153;194;186m0\033[38;2;125;159;165m0\033[38;2;142;177;183m0\033[38;2;180;217;233m0\033[38;2;147;179;194m0\033[38;2;125;161;173m1\033[38;2;114;149;158m0\033[38;2;108;138;139m0\033[38;2;165;207;220m0\033[38;2;162;208;229m0\033[38;2;113;147;161m1\033[38;2;138;165;168m0\033[38;2;190;230;243m0\033[38;2;195;237;250m1\033[38;2;203;242;253m0\033[38;2;201;241;254m0\033[38;2;119;165;193m0\033[38;2;96;139;144m0\033[38;2;78;116;125m0\033[38;2;90;120;117m1\033[38;2;174;217;230m1\033[38;2;158;203;221m0\033[0m\n\
\033[38;2;135;146;35m0\033[38;2;100;117;48m0\033[38;2;149;162;39m1\033[38;2;124;152;6m0\033[38;2;116;142;8m0\033[38;2;116;136;17m0\033[38;2;85;105;24m1\033[38;2;78;99;29m1\033[38;2;82;102;32m1\033[38;2;133;144;81m0\033[38;2;133;144;54m0\033[38;2;72;88;23m0\033[38;2;47;66;23m0\033[38;2;61;87;21m1\033[38;2;76;108;17m0\033[38;2;75;106;14m0\033[38;2;62;91;14m1\033[38;2;58;85;14m0\033[38;2;52;84;11m0\033[38;2;48;81;8m1\033[38;2;60;76;43m0\033[38;2;103;119;82m0\033[38;2;135;141;113m1\033[38;2;210;209;194m0\033[38;2;231;218;183m0\033[38;2;216;204;173m0\033[38;2;186;184;170m0\033[38;2;182;180;164m1\033[38;2;186;183;164m0\033[38;2;184;186;173m0\033[38;2;184;193;184m0\033[38;2;184;195;191m0\033[38;2;190;195;189m0\033[38;2;189;187;171m0\033[38;2;187;184;164m1\033[38;2;191;191;174m0\033[38;2;191;191;173m0\033[38;2;194;193;174m1\033[38;2;190;189;171m0\033[38;2;198;195;176m1\033[38;2;213;207;187m0\033[38;2;231;227;212m1\033[38;2;222;220;208m0\033[38;2;229;226;208m0\033[38;2;248;244;225m1\033[38;2;236;232;215m0\033[38;2;212;212;201m0\033[38;2;227;223;204m1\033[38;2;245;239;218m1\033[38;2;234;227;202m0\033[38;2;236;232;209m1\033[38;2;246;243;227m1\033[38;2;247;244;229m1\033[38;2;239;229;214m0\033[38;2;227;198;182m0\033[38;2;244;231;209m1\033[38;2;246;238;215m1\033[38;2;241;227;204m0\033[38;2;221;189;165m0\033[38;2;201;168;153m0\033[38;2;183;150;138m1\033[38;2;69;42;46m1\033[38;2;25;10;16m1\033[38;2;28;12;19m0\033[38;2;23;10;17m1\033[38;2;22;9;17m1\033[38;2;17;7;15m0\033[38;2;16;6;14m0\033[38;2;14;6;14m1\033[38;2;14;5;13m0\033[38;2;14;6;14m0\033[38;2;16;7;14m1\033[38;2;29;14;23m0\033[38;2;149;84;96m0\033[38;2;187;108;117m1\033[38;2;189;108;119m1\033[38;2;189;105;116m0\033[38;2;187;102;109m0\033[38;2;184;97;105m0\033[38;2;177;91;97m1\033[38;2;165;81;84m1\033[38;2;147;68;69m1\033[38;2;130;61;64m1\033[38;2;97;47;51m1\033[38;2;82;34;35m1\033[38;2;65;26;29m0\033[38;2;37;17;19m0\033[38;2;10;6;8m1\033[38;2;2;2;3m1\033[38;2;3;2;4m0\033[38;2;4;3;5m0\033[38;2;3;2;4m0\033[38;2;1;1;2m0\033[38;2;41;22;22m1\033[38;2;152;82;71m1\033[38;2;193;108;91m0\033[38;2;209;120;103m1\033[38;2;216;127;116m0\033[38;2;221;131;125m0\033[38;2;217;128;125m0\033[38;2;215;125;122m0\033[38;2;214;124;120m1\033[38;2;213;120;117m1\033[38;2;213;117;114m0\033[38;2;212;119;114m1\033[38;2;213;120;116m0\033[38;2;213;122;117m1\033[38;2;212;122;119m0\033[38;2;213;125;119m0\033[38;2;223;139;124m1\033[38;2;238;156;122m1\033[38;2;252;180;117m1\033[38;2;254;179;106m0\033[38;2;254;210;139m1\033[38;2;254;224;156m0\033[38;2;251;177;127m0\033[38;2;242;149;117m0\033[38;2;226;130;114m1\033[38;2;206;120;120m1\033[38;2;189;114;116m0\033[38;2;177;103;102m1\033[38;2;177;106;105m1\033[38;2;180;109;109m0\033[38;2;179;108;109m0\033[38;2;176;105;108m0\033[38;2;174;102;103m1\033[38;2;173;100;102m1\033[38;2;171;99;99m0\033[38;2;171;97;97m0\033[38;2;173;97;99m1\033[38;2;174;100;102m0\033[38;2;179;105;106m1\033[38;2;182;113;114m1\033[38;2;183;119;122m1\033[38;2;183;127;128m1\033[38;2;189;146;146m0\033[38;2;191;161;161m0\033[38;2;186;153;155m1\033[38;2;162;87;82m0\033[38;2;144;139;84m1\033[38;2;128;167;97m1\033[38;2;155;187;141m1\033[38;2;199;232;232m0\033[38;2;199;226;224m0\033[38;2;194;221;197m0\033[38;2;209;238;220m1\033[38;2;210;241;245m1\033[38;2;165;206;217m1\033[38;2;82;103;58m1\033[38;2;90;114;25m1\033[38;2;90;117;54m1\033[38;2;100;127;23m0\033[38;2;90;113;14m1\033[38;2;127;156;88m0\033[38;2;105;136;116m1\033[38;2;75;99;54m1\033[38;2;124;152;90m1\033[38;2;125;146;66m0\033[38;2;149;179;127m0\033[38;2;144;182;186m1\033[38;2;113;142;150m1\033[38;2;136;171;184m0\033[38;2;133;170;180m1\033[38;2;147;164;99m0\033[38;2;135;147;48m0\033[38;2;150;184;167m1\033[38;2;153;195;202m0\033[38;2;183;225;228m1\033[38;2;167;212;209m0\033[38;2;103;139;93m0\033[38;2;102;131;71m0\033[38;2;109;144;91m0\033[38;2;79;108;51m1\033[38;2;42;65;46m1\033[38;2;66;96;88m0\033[0m\n\
\033[38;2;75;99;17m1\033[38;2;64;87;22m1\033[38;2;71;96;20m1\033[38;2;84;113;22m1\033[38;2;82;111;23m0\033[38;2;105;127;28m0\033[38;2;117;127;43m1\033[38;2;141;130;60m1\033[38;2;125;109;45m1\033[38;2;102;103;32m1\033[38;2;116;116;37m1\033[38;2;113;113;41m0\033[38;2;96;100;42m0\033[38;2;66;85;35m0\033[38;2;52;81;20m0\033[38;2;53;85;13m1\033[38;2;60;96;13m0\033[38;2;47;79;12m1\033[38;2;68;97;29m1\033[38;2;127;139;73m0\033[38;2;202;202;182m1\033[38;2;249;247;241m1\033[38;2;223;220;198m0\033[38;2;208;207;187m0\033[38;2;206;202;184m0\033[38;2;213;206;179m1\033[38;2;199;199;182m0\033[38;2;201;203;191m1\033[38;2;197;198;180m1\033[38;2;206;201;176m0\033[38;2;217;210;186m0\033[38;2;184;189;176m1\033[38;2;180;183;168m1\033[38;2;183;180;159m1\033[38;2;176;173;152m1\033[38;2;179;177;158m1\033[38;2;180;177;158m0\033[38;2;179;176;155m0\033[38;2;173;170;147m1\033[38;2;179;176;156m1\033[38;2;179;174;152m1\033[38;2;193;193;177m1\033[38;2;212;214;208m1\033[38;2;243;240;224m0\033[38;2;243;238;218m1\033[38;2;221;216;198m0\033[38;2;233;227;203m0\033[38;2;249;243;215m1\033[38;2;238;228;201m1\033[38;2;227;215;190m1\033[38;2;222;212;190m1\033[38;2;217;212;195m1\033[38;2;223;217;201m1\033[38;2;225;221;203m1\033[38;2;229;225;206m1\033[38;2;238;231;208m1\033[38;2;240;233;212m1\033[38;2;241;234;210m0\033[38;2;248;240;214m1\033[38;2;245;236;214m0\033[38;2;248;238;216m1\033[38;2;218;202;174m0\033[38;2;100;87;79m0\033[38;2;11;6;10m1\033[38;2;9;4;9m1\033[38;2;5;2;6m1\033[38;2;17;10;14m0\033[38;2;13;6;10m1\033[38;2;14;7;13m1\033[38;2;30;18;22m1\033[38;2;6;2;6m0\033[38;2;5;1;6m0\033[38;2;3;1;5m0\033[38;2;33;15;24m0\033[38;2;139;75;84m0\033[38;2;158;87;96m0\033[38;2;168;94;100m1\033[38;2;173;93;99m1\033[38;2;167;85;90m0\033[38;2;156;78;82m1\033[38;2;146;73;78m1\033[38;2;133;69;71m1\033[38;2;111;53;53m1\033[38;2;94;40;40m1\033[38;2;68;28;29m1\033[38;2;35;16;18m0\033[38;2;13;7;9m1\033[38;2;2;2;3m00\033[38;2;3;2;4m1\033[38;2;3;3;5m0\033[38;2;3;2;3m0\033[38;2;1;1;2m0\033[38;2;48;26;26m0\033[38;2;174;97;84m1\033[38;2;204;116;100m0\033[38;2;215;124;113m0\033[38;2;218;127;119m1\033[38;2;222;131;127m0\033[38;2;224;133;131m0\033[38;2;224;128;130m1\033[38;2;222;127;128m0\033[38;2;221;124;127m1\033[38;2;218;120;122m1\033[38;2;216;119;119m0\033[38;2;216;119;117m1\033[38;2;216;122;117m0\033[38;2;214;117;111m0\033[38;2;215;119;108m0\033[38;2;231;141;116m1\033[38;2;247;162;114m1\033[38;2;253;176;111m1\033[38;2;254;198;127m0\033[38;2;254;226;156m1\033[38;2;252;194;138m0\033[38;2;247;161;125m1\033[38;2;236;139;116m1\033[38;2;225;131;119m1\033[38;2;208;122;119m1\033[38;2;195;122;125m1\033[38;2;186;117;120m0\033[38;2;182;114;114m1\033[38;2;177;106;106m1\033[38;2;173;100;102m0\033[38;2;176;102;103m1\033[38;2;177;102;105m1\033[38;2;180;103;106m1\033[38;2;182;103;108m0\033[38;2;183;106;109m0\033[38;2;187;109;114m1\033[38;2;189;113;117m0\033[38;2;189;116;119m1\033[38;2;190;122;127m0\033[38;2;189;130;136m1\033[38;2;191;141;146m1\033[38;2;191;147;150m0\033[38;2;190;155;155m1\033[38;2;190;156;158m0\033[38;2;168;141;105m0\033[38;2;103;138;25m0\033[38;2;124;159;85m1\033[38;2;208;233;232m1\033[38;2;168;198;168m0\033[38;2;194;224;215m1\033[38;2;76;99;75m1\033[38;2;127;155;87m1\033[38;2;171;189;82m0\033[38;2;149;174;72m1\033[38;2;111;138;33m0\033[38;2;108;133;31m0\033[38;2;114;139;37m0\033[38;2;82;111;18m1\033[38;2;91;119;25m1\033[38;2;78;108;26m1\033[38;2;71;99;17m0\033[38;2;78;108;17m1\033[38;2;73;102;15m1\033[38;2;93;120;26m0\033[38;2;125;155;90m0\033[38;2;119;147;97m1\033[38;2;117;150;94m1\033[38;2;114;144;88m0\033[38;2;130;156;102m1\033[38;2;168;182;52m0\033[38;2;96;120;29m1\033[38;2;52;71;39m0\033[38;2;72;93;39m1\033[38;2;105;133;39m0\033[38;2;100;130;26m1\033[38;2;102;130;22m0\033[38;2;111;136;26m1\033[38;2;103;128;21m1\033[38;2;73;102;21m0\033[38;2;62;94;53m0\033[38;2;131;177;162m0\033[0m\n\
\033[38;2;72;88;26m0\033[38;2;73;94;20m0\033[38;2;117;133;24m0\033[38;2;106;109;46m0\033[38;2;124;119;56m0\033[38;2;147;124;53m0\033[38;2;190;135;72m0\033[38;2;193;135;75m1\033[38;2;179;124;68m1\033[38;2;164;111;60m1\033[38;2;149;100;58m0\033[38;2;135;94;62m0\033[38;2;216;195;167m1\033[38;2;245;238;203m0\033[38;2;217;214;164m1\033[38;2;179;182;125m0\033[38;2;193;194;133m1\033[38;2;213;209;155m0\033[38;2;230;222;190m1\033[38;2;247;239;218m1\033[38;2;246;238;208m0\033[38;2;245;237;204m1\033[38;2;253;246;214m0\033[38;2;250;243;208m1\033[38;2;243;235;203m0\033[38;2;238;228;193m1\033[38;2;231;220;177m1\033[38;2;214;208;180m1\033[38;2;222;220;202m1\033[38;2;234;230;210m1\033[38;2;223;220;202m0\033[38;2;217;214;190m1\033[38;2;230;222;190m0\033[38;2;232;224;193m1\033[38;2;218;210;182m0\033[38;2;225;217;186m0\033[38;2;229;220;190m0\033[38;2;228;217;187m1\033[38;2;223;212;182m1\033[38;2;215;203;174m0\033[38;2;202;190;159m0\033[38;2;161;155;125m0\033[38;2;204;195;167m1\033[38;2;241;234;209m0\033[38;2;240;232;202m0\033[38;2;249;241;210m0\033[38;2;252;243;212m0\033[38;2;239;227;197m1\033[38;2;220;207;186m0\033[38;2;223;212;193m0\033[38;2;226;215;194m0\033[38;2;225;214;194m0\033[38;2;216;213;201m0\033[38;2;221;221;210m0\033[38;2;243;239;226m0\033[38;2;241;238;223m1\033[38;2;232;227;214m0\033[38;2;238;233;218m1\033[38;2;233;228;220m1\033[38;2;225;221;215m1\033[38;2;232;225;214m1\033[38;2;250;241;217m1\033[38;2;241;231;210m0\033[38;2;215;199;173m0\033[38;2;213;197;167m0\033[38;2;144;128;113m1\033[38;2;34;25;24m1\033[38;2;17;10;11m0\033[38;2;33;22;24m1\033[38;2;41;28;29m1\033[38;2;40;27;27m0\033[38;2;22;12;15m1\033[38;2;19;10;14m1\033[38;2;6;1;6m1\033[38;2;85;38;45m0\033[38;2;138;66;69m0\033[38;2;136;69;71m0\033[38;2;138;69;71m0\033[38;2;136;66;66m1\033[38;2;135;64;64m1\033[38;2;131;60;60m1\033[38;2;122;53;52m1\033[38;2;100;42;41m0\033[38;2;73;31;30m1\033[38;2;37;17;18m1\033[38;2;13;7;9m0\033[38;2;2;1;2m0\033[38;2;1;1;2m0\033[38;2;2;1;3m1\033[38;2;2;2;3m0\033[38;2;3;2;3m1\033[38;2;2;2;3m0\033[38;2;1;1;2m1\033[38;2;49;27;27m1\033[38;2;182;102;88m0\033[38;2;201;111;99m1\033[38;2;216;124;117m0\033[38;2;226;138;131m1\033[38;2;231;146;142m1\033[38;2;230;146;142m1\033[38;2;227;136;135m1\033[38;2;223;128;128m1\033[38;2;220;124;124m1\033[38;2;214;114;114m1\033[38;2;209;108;106m1\033[38;2;203;100;99m0\033[38;2;195;91;88m0\033[38;2;189;82;79m1\033[38;2;198;94;87m1\033[38;2;238;146;113m1\033[38;2;251;171;117m1\033[38;2;253;177;116m1\033[38;2;254;204;147m0\033[38;2;253;206;153m1\033[38;2;245;162;130m0\033[38;2;232;138;120m0\033[38;2;218;124;116m1\033[38;2;212;124;119m0\033[38;2;203;122;120m0\033[38;2;195;122;124m1\033[38;2;197;133;138m0\033[38;2;201;142;149m0\033[38;2;168;103;106m0\033[38;2;152;82;82m0\033[38;2;147;72;69m0\033[38;2;159;78;76m1\033[38;2;170;87;85m1\033[38;2;177;94;96m1\033[38;2;184;103;105m1\033[38;2;187;106;108m0\033[38;2;190;111;113m0\033[38;2;190;113;114m0\033[38;2;190;116;117m1\033[38;2;191;122;125m1\033[38;2;193;133;135m0\033[38;2;197;152;150m0\033[38;2;197;164;162m0\033[38;2;194;165;167m0\033[38;2;187;189;117m1\033[38;2;114;138;33m0\033[38;2;56;82;24m0\033[38;2;99;128;78m0\033[38;2;146;164;72m1\033[38;2;194;203;78m1\033[38;2;122;135;34m0\033[38;2;124;133;49m1\033[38;2;136;155;61m0\033[38;2;97;124;21m0\033[38;2;99;127;19m0\033[38;2;120;142;30m0\033[38;2;135;156;37m1\033[38;2;106;133;25m1\033[38;2;108;138;49m1\033[38;2;79;109;24m1\033[38;2;53;76;17m0\033[38;2;41;62;18m0\033[38;2;84;113;28m0\033[38;2;82;113;21m0\033[38;2;69;97;15m0\033[38;2;85;113;17m0\033[38;2;106;128;20m1\033[38;2;116;139;29m0\033[38;2;99;122;35m0\033[38;2;120;139;31m1\033[38;2;105;125;28m1\033[38;2;75;99;40m1\033[38;2;88;116;34m0\033[38;2;93;122;24m1\033[38;2;99;128;29m1\033[38;2;100;128;27m1\033[38;2;108;138;30m0\033[38;2;119;146;23m0\033[38;2;81;113;20m0\033[38;2;90;124;30m0\033[38;2;87;122;33m0\033[0m\n\
\033[38;2;82;106;43m1\033[38;2;72;97;41m1\033[38;2;75;96;43m1\033[38;2;82;97;45m1\033[38;2;81;94;45m0\033[38;2;73;87;43m0\033[38;2;100;102;53m1\033[38;2;119;114;61m0\033[38;2;102;96;51m1\033[38;2;76;66;39m0\033[38;2;71;57;39m0\033[38;2;93;72;57m1\033[38;2;206;187;167m1\033[38;2;249;239;212m0\033[38;2;255;250;221m1\033[38;2;253;247;217m1\033[38;2;247;238;207m1\033[38;2;244;233;202m1\033[38;2;232;222;195m1\033[38;2;235;226;199m1\033[38;2;251;244;212m0\033[38;2;241;231;198m0\033[38;2;243;235;204m1\033[38;2;245;238;207m0\033[38;2;249;240;207m1\033[38;2;240;227;191m0\033[38;2;238;230;198m0\033[38;2;240;232;202m1\033[38;2;249;243;217m0\033[38;2;254;251;226m0\033[38;2;250;244;212m1\033[38;2;245;237;204m0\033[38;2;232;223;195m0\033[38;2;237;227;198m0\033[38;2;228;217;187m0\033[38;2;201;191;161m0\033[38;2;180;173;146m0\033[38;2;176;167;142m1\033[38;2;165;156;122m1\033[38;2;138;133;103m1\033[38;2;162;155;125m1\033[38;2;173;162;130m0\033[38;2;182;170;136m1\033[38;2;247;238;199m1\033[38;2;245;234;191m0\033[38;2;242;231;195m0\033[38;2;232;220;189m1\033[38;2;227;216;190m0\033[38;2;228;218;194m1\033[38;2;230;220;198m1\033[38;2;234;225;201m1\033[38;2;221;217;203m0\033[38;2;220;222;215m0\033[38;2;220;220;214m1\033[38;2;217;215;206m1\033[38;2;215;212;199m0\033[38;2;221;217;204m0\033[38;2;218;217;209m0\033[38;2;234;232;221m1\033[38;2;239;235;227m0\033[38;2;226;220;212m0\033[38;2;226;217;206m0\033[38;2;225;216;204m0\033[38;2;231;222;208m1\033[38;2;232;222;207m1\033[38;2;238;229;209m1\033[38;2;206;189;167m1\033[38;2;108;90;78m1\033[38;2;17;10;11m1\033[38;2;4;1;4m0\033[38;2;14;7;10m0\033[38;2;31;21;21m0\033[38;2;25;15;17m0\033[38;2;10;4;9m1\033[38;2;62;35;38m1\033[38;2;135;75;72m1\033[38;2;144;68;66m1\033[38;2;147;66;65m0\033[38;2;141;62;60m1\033[38;2;130;57;54m0\033[38;2;116;51;48m1\033[38;2;99;43;41m0\033[38;2;78;34;32m1\033[38;2;49;23;24m1\033[38;2;17;9;10m1\033[38;2;2;2;3m1\033[38;2;1;1;2m011\033[38;2;2;1;3m0\033[38;2;2;2;2m11\033[38;2;0;0;1m0\033[38;2;37;20;20m1\033[38;2;167;93;81m1\033[38;2;187;102;91m1\033[38;2;207;111;105m0\033[38;2;217;120;114m0\033[38;2;223;125;117m1\033[38;2;221;120;116m0\033[38;2;216;111;108m0\033[38;2;210;103;102m1\033[38;2;207;99;96m0\033[38;2;195;87;84m0\033[38;2;180;73;71m1\033[38;2;165;65;60m1\033[38;2;162;65;60m1\033[38;2;162;66;61m1\033[38;2;198;97;81m0\033[38;2;252;176;122m1\033[38;2;253;180;120m1\033[38;2;248;159;105m0\033[38;2;241;147;105m1\033[38;2;238;144;109m0\033[38;2;228;130;106m1\033[38;2;207;108;96m0\033[38;2;195;100;94m0\033[38;2;194;103;97m1\033[38;2;193;106;99m0\033[38;2;190;108;102m0\033[38;2;190;116;111m0\033[38;2;195;130;127m0\033[38;2;193;130;128m0\033[38;2;190;124;127m0\033[38;2;144;71;69m1\033[38;2;131;57;52m1\033[38;2;141;62;57m0\033[38;2;152;71;66m1\033[38;2;165;81;78m0\033[38;2;171;85;82m0\033[38;2;177;91;88m1\033[38;2;180;97;96m1\033[38;2;183;102;100m1\033[38;2;184;109;106m1\033[38;2;189;119;116m1\033[38;2;191;131;127m1\033[38;2;195;146;141m1\033[38;2;193;164;159m1\033[38;2;85;100;40m1\033[38;2;60;87;19m0\033[38;2;85;111;45m1\033[38;2;49;72;25m0\033[38;2;46;69;27m1\033[38;2;90;114;28m1\033[38;2;96;127;20m1\033[38;2;111;146;23m1\033[38;2;125;155;19m1\033[38;2;113;142;16m1\033[38;2;116;146;22m0\033[38;2;105;133;20m0\033[38;2;99;124;22m1\033[38;2;96;120;23m0\033[38;2;106;130;28m0\033[38;2;84;111;29m0\033[38;2;91;119;24m0\033[38;2;102;128;23m1\033[38;2;116;144;23m0\033[38;2;120;144;31m0\033[38;2;124;142;41m1\033[38;2;111;136;27m1\033[38;2;113;138;24m0\033[38;2;119;141;28m1\033[38;2;122;144;28m1\033[38;2;146;161;38m0\033[38;2;90;113;24m0\033[38;2;87;117;28m1\033[38;2;99;130;27m0\033[38;2;100;128;26m1\033[38;2;109;135;28m0\033[38;2;116;141;26m0\033[38;2;91;120;20m0\033[38;2;103;133;28m1\033[38;2;103;131;31m0\033[38;2;114;144;30m0\033[38;2;103;139;27m0\033[0m\n\
\033[38;2;60;85;38m1\033[38;2;51;79;35m0\033[38;2;47;75;33m1\033[38;2;43;71;31m0\033[38;2;41;68;29m1\033[38;2;41;65;28m01\033[38;2;41;64;27m1\033[38;2;45;65;28m1\033[38;2;48;68;30m1\033[38;2;56;73;32m0\033[38;2;64;79;39m0\033[38;2;91;100;68m0\033[38;2;233;222;195m0\033[38;2;248;238;204m0\033[38;2;232;220;186m1\033[38;2;223;210;182m0\033[38;2;217;206;177m1\033[38;2;218;208;180m0\033[38;2;233;225;197m0\033[38;2;229;221;194m0\033[38;2;240;232;201m1\033[38;2;239;230;202m1\033[38;2;226;210;183m1\033[38;2;232;214;179m0\033[38;2;220;202;171m0\033[38;2;236;226;195m1\033[38;2;250;243;214m0\033[38;2;251;244;212m1\033[38;2;251;243;206m0\033[38;2;240;229;193m1\033[38;2;230;217;184m1\033[38;2;227;213;177m0\033[38;2;222;208;171m0\033[38;2;187;177;150m1\033[38;2;165;156;135m0\033[38;2;179;168;149m0\033[38;2;189;176;156m0\033[38;2;171;158;128m1\033[38;2;120;116;82m0\033[38;2;93;90;62m1\033[38;2;73;73;51m1\033[38;2;124;114;87m1\033[38;2;232;222;190m0\033[38;2;241;231;199m1\033[38;2;217;213;191m0\033[38;2;215;213;194m1\033[38;2;217;213;194m10\033[38;2;226;223;207m1\033[38;2;225;224;214m1\033[38;2;216;215;206m1\033[38;2;216;214;203m1\033[38;2;217;214;204m1\033[38;2;216;213;204m1\033[38;2;217;214;207m0\033[38;2;214;212;207m0\033[38;2;233;232;223m1\033[38;2;231;226;216m0\033[38;2;218;209;201m1\033[38;2;214;203;194m0\033[38;2;214;204;197m0\033[38;2;212;203;199m1\033[38;2;217;208;204m1\033[38;2;222;210;207m0\033[38;2;222;209;203m1\033[38;2;203;186;176m0\033[38;2;102;87;82m1\033[38;2;54;42;43m1\033[38;2;12;6;9m1\033[38;2;7;2;6m0\033[38;2;16;9;11m0\033[38;2;13;6;10m1\033[38;2;11;5;9m1\033[38;2;30;19;24m0\033[38;2;124;94;84m1\033[38;2;100;46;42m1\033[38;2;109;48;46m0\033[38;2;105;48;45m0\033[38;2;97;45;41m1\033[38;2;90;41;39m1\033[38;2;78;35;33m0\033[38;2;57;27;27m1\033[38;2;16;9;10m0\033[38;2;2;1;2m1\033[38;2;1;1;2m1110100\033[38;2;0;0;1m0\033[38;2;17;10;11m0\033[38;2;136;73;65m0\033[38;2;168;90;76m0\033[38;2;186;96;87m0\033[38;2;198;99;90m1\033[38;2;202;99;90m1\033[38;2;199;90;85m0\033[38;2;195;82;81m0\033[38;2;189;76;75m1\033[38;2;173;66;62m1\033[38;2;149;53;48m1\033[38;2;139;52;46m1\033[38;2;153;65;60m0\033[38;2;177;87;79m1\033[38;2;186;97;88m1\033[38;2;190;100;90m0\033[38;2;203;108;88m0\033[38;2;187;88;71m0\033[38;2;156;66;52m0\033[38;2;128;51;43m1\033[38;2;138;58;52m0\033[38;2;176;84;73m0\033[38;2;182;87;78m0\033[38;2;171;79;71m0\033[38;2;170;79;71m0\033[38;2;174;85;76m0\033[38;2;168;88;81m0\033[38;2;144;75;69m0\033[38;2;128;66;61m1\033[38;2;149;81;75m0\033[38;2;165;93;88m1\033[38;2;152;78;73m1\033[38;2;146;71;64m1\033[38;2;136;61;53m1\033[38;2;127;52;46m0\033[38;2;135;57;51m1\033[38;2;152;68;62m1\033[38;2;161;73;69m1\033[38;2;165;79;75m1\033[38;2;168;85;79m1\033[38;2;171;94;87m1\033[38;2;177;105;99m1\033[38;2;180;116;108m0\033[38;2;184;127;120m0\033[38;2;177;146;138m0\033[38;2;99;119;40m0\033[38;2;102;130;23m0\033[38;2;72;99;14m0\033[38;2;85;111;24m1\033[38;2;76;103;17m1\033[38;2;79;117;15m0\033[38;2;102;141;17m1\033[38;2;96;130;12m1\033[38;2;57;91;10m0\033[38;2;51;82;17m0\033[38;2;49;79;19m1\033[38;2;72;97;23m1\033[38;2;46;68;12m1\033[38;2;53;76;15m0\033[38;2;69;96;25m1\033[38;2;58;82;23m0\033[38;2;106;125;29m0\033[38;2;136;152;39m0\033[38;2;120;139;35m1\033[38;2;136;152;40m0\033[38;2;186;193;64m1\033[38;2;187;198;65m1\033[38;2;117;136;33m0\033[38;2;64;84;17m0\033[38;2;76;94;21m0\033[38;2;153;159;49m0\033[38;2;136;146;47m0\033[38;2;108;127;34m0\033[38;2;111;131;32m0\033[38;2;100;128;28m0\033[38;2;119;147;33m1\033[38;2;106;133;26m0\033[38;2;103;130;26m0\033[38;2;117;144;38m0\033[38;2;87;114;24m1\033[38;2;114;141;26m1\033[38;2;119;144;25m1\033[0m\n\
\033[38;2;159;111;62m0\033[38;2;84;73;40m0\033[38;2;62;73;37m0\033[38;2;61;79;39m1\033[38;2;52;76;33m1\033[38;2;46;71;28m1\033[38;2;42;69;25m1\033[38;2;40;65;24m0\033[38;2;38;61;23m1\033[38;2;37;57;22m1\033[38;2;34;54;20m0\033[38;2;43;62;23m1\033[38;2;96;108;69m1\033[38;2;208;199;168m1\033[38;2;245;232;204m1\033[38;2;232;218;186m0\033[38;2;218;204;174m0\033[38;2;213;202;171m0\033[38;2;208;198;170m0\033[38;2;207;201;179m0\033[38;2;210;204;182m1\033[38;2;222;212;187m1\033[38;2;201;184;161m1\033[38;2;203;184;158m1\033[38;2;213;194;165m0\033[38;2;217;202;171m1\033[38;2;220;206;176m1\033[38;2;216;202;171m1\033[38;2;226;210;173m0\033[38;2;222;202;162m0\033[38;2;203;190;161m1\033[38;2;197;186;162m1\033[38;2;202;191;165m0\033[38;2;191;184;165m0\033[38;2;189;186;174m0\033[38;2;189;189;180m1\033[38;2;187;186;180m1\033[38;2;190;189;180m1\033[38;2;202;195;183m1\033[38;2;210;202;183m0\033[38;2;189;183;161m0\033[38;2;182;173;149m1\033[38;2;213;199;164m0\033[38;2;236;225;195m1\033[38;2;236;226;198m0\033[38;2;214;210;191m0\033[38;2;216;214;194m0\033[38;2;223;218;199m0\033[38;2;226;221;206m0\033[38;2;232;229;216m0\033[38;2;227;225;215m0\033[38;2;224;223;215m1\033[38;2;221;218;212m1\033[38;2;214;210;206m1\033[38;2;207;203;199m0\033[38;2;204;198;194m1\033[38;2;214;206;195m1\033[38;2;234;224;206m1\033[38;2;236;224;202m0\033[38;2;233;221;202m0\033[38;2;228;216;206m0\033[38;2;218;210;207m1\033[38;2;212;201;195m1\033[38;2;206;187;180m0\033[38;2;206;187;184m0\033[38;2;212;190;189m1\033[38;2;217;197;194m0\033[38;2;226;206;203m0\033[38;2;202;183;183m1\033[38;2;26;18;23m0\033[38;2;6;2;5m1\033[38;2;12;6;9m1\033[38;2;8;3;7m0\033[38;2;27;17;22m0\033[38;2;47;33;35m0\033[38;2;56;27;27m1\033[38;2;111;71;65m0\033[38;2;108;64;57m1\033[38;2;90;41;38m0\033[38;2;88;42;38m0\033[38;2;78;38;34m0\033[38;2;49;26;24m1\033[38;2;12;6;8m1\033[38;2;0;0;1m01\033[38;2;1;1;1m1\033[38;2;1;1;2m0011\033[38;2;1;1;1m0\033[38;2;1;1;2m1\033[38;2;9;8;6m0\033[38;2;17;13;10m0\033[38;2;87;48;43m0\033[38;2;141;75;66m0\033[38;2;156;78;69m1\033[38;2;170;79;72m0\033[38;2;177;79;72m0\033[38;2;176;76;71m0\033[38;2;170;71;65m0\033[38;2;147;58;53m1\033[38;2;103;39;35m1\033[38;2;99;41;39m1\033[38;2;128;62;58m1\033[38;2;156;84;78m0\033[38;2;168;94;88m1\033[38;2;161;93;87m0\033[38;2;159;93;85m1\033[38;2;149;85;81m1\033[38;2;131;71;68m1\033[38;2;90;47;46m1\033[38;2;57;29;29m0\033[38;2;54;27;26m0\033[38;2;79;38;34m0\033[38;2;111;49;45m0\033[38;2;122;54;48m0\033[38;2;114;51;46m0\033[38;2;90;41;39m0\033[38;2;60;28;27m0\033[38;2;53;26;25m0\033[38;2;60;31;31m1\033[38;2;87;48;48m0\033[38;2;103;58;58m0\033[38;2;119;65;65m0\033[38;2;124;66;64m0\033[38;2;128;66;62m1\033[38;2;122;61;54m0\033[38;2;113;49;43m1\033[38;2;119;49;43m0\033[38;2;139;60;54m0\033[38;2;153;71;65m0\033[38;2;161;79;75m1\033[38;2;162;88;82m0\033[38;2;168;99;93m0\033[38;2;176;114;108m0\033[38;2;182;128;127m1\033[38;2;149;119;116m1\033[38;2;57;73;20m1\033[38;2;57;79;14m0\033[38;2;37;56;10m0\033[38;2;35;56;9m1\033[38;2;62;87;12m0\033[38;2;82;105;18m1\033[38;2;51;73;10m1\033[38;2;31;54;10m1\033[38;2;35;57;12m0\033[38;2;37;56;11m0\033[38;2;31;48;10m01\033[38;2;35;53;11m0\033[38;2;51;69;14m0\033[38;2;79;99;19m1\033[38;2;41;61;15m1\033[38;2;53;72;15m1\033[38;2;57;73;17m0\033[38;2;54;72;18m0\033[38;2;41;58;14m1\033[38;2;38;54;16m0\033[38;2;33;53;17m0\033[38;2;26;43;14m0\033[38;2;23;39;11m0\033[38;2;26;41;11m1\033[38;2;33;48;12m0\033[38;2;79;94;29m0\033[38;2;108;120;40m0\033[38;2;122;139;35m0\033[38;2;164;182;47m1\033[38;2;144;167;40m0\033[38;2;124;149;35m0\033[38;2;130;155;41m0\033[38;2;103;131;35m1\033[38;2;60;90;23m1\033[38;2;82;114;28m1\033[38;2;96;127;27m0\033[0m\n\
\033[38;2;84;45;29m1\033[38;2;66;38;29m0\033[38;2;99;69;58m0\033[38;2;139;109;90m1\033[38;2;146;120;96m1\033[38;2;124;105;76m0\033[38;2;105;97;64m1\033[38;2;82;85;49m0\033[38;2;68;82;42m0\033[38;2;53;76;32m0\033[38;2;49;71;29m0\033[38;2;37;57;23m1\033[38;2;93;103;71m1\033[38;2;168;162;135m0\033[38;2;197;183;158m1\033[38;2;226;210;176m1\033[38;2;233;218;179m1\033[38;2;213;201;165m1\033[38;2;207;197;168m1\033[38;2;210;202;177m0\033[38;2;208;194;170m0\033[38;2;194;174;152m1\033[38;2;198;180;153m0\033[38;2;208;189;158m1\033[38;2;215;195;162m1\033[38;2;198;180;153m1\033[38;2;190;174;150m0\033[38;2;187;171;149m1\033[38;2;184;168;146m01\033[38;2;189;176;153m1\033[38;2;198;186;162m0\033[38;2;194;183;161m1\033[38;2;191;184;170m1\033[38;2;204;201;189m1\033[38;2;131;116;111m0\033[38;2;75;56;60m0\033[38;2;75;64;47m0\033[38;2;49;48;32m0\033[38;2;64;56;38m1\033[38;2;21;21;12m1\033[38;2;64;61;46m0\033[38;2;232;221;190m0\033[38;2;203;199;183m0\033[38;2;210;204;186m1\033[38;2;231;222;194m1\033[38;2;237;226;195m1\033[38;2;231;222;198m1\033[38;2;243;232;207m1\033[38;2;231;218;193m0\033[38;2;197;187;170m1\033[38;2;197;189;176m1\033[38;2;198;189;179m0\033[38;2;199;189;182m11\033[38;2;203;191;183m1\033[38;2;214;201;191m1\033[38;2;224;210;198m0\033[38;2;230;215;199m1\033[38;2;208;193;183m1\033[38;2;199;187;186m1\033[38;2;202;193;194m0\033[38;2;207;195;198m0\033[38;2;209;197;197m0\033[38;2;206;193;195m1\033[38;2;190;167;170m1\033[38;2;203;171;176m0\033[38;2;215;190;193m0\033[38;2;177;149;155m1\033[38;2;82;64;62m0\033[38;2;31;22;25m1\033[38;2;15;8;12m0\033[38;2;65;47;52m0\033[38;2;28;17;23m1\033[38;2;46;31;32m1\033[38;2;42;23;23m0\033[38;2;72;41;39m1\033[38;2;78;45;41m0\033[38;2;62;31;30m0\033[38;2;47;25;24m1\033[38;2;21;12;13m0\033[38;2;2;2;2m1\033[38;2;0;0;0m0\033[38;2;0;0;1m11\033[38;2;0;1;1m10\033[38;2;1;1;1m0\033[38;2;1;0;1m1\033[38;2;1;1;1m0\033[38;2;2;2;2m1\033[38;2;4;4;3m1\033[38;2;13;12;8m0\033[38;2;17;15;10m1\033[38;2;37;23;22m1\033[38;2;102;57;52m1\033[38;2;127;66;61m0\033[38;2;139;69;62m0\033[38;2;153;72;65m1\033[38;2;167;79;69m1\033[38;2;152;65;57m1\033[38;2;65;25;23m0\033[38;2;39;18;19m1\033[38;2;45;23;24m1\033[38;2;57;31;33m0\033[38;2;78;45;45m0\033[38;2;91;52;52m0\033[38;2;100;60;58m1\033[38;2;73;43;43m0\033[38;2;72;45;43m0\033[38;2;64;39;39m1\033[38;2;52;30;31m1\033[38;2;40;23;23m0\033[38;2;35;20;21m0\033[38;2;23;13;14m0\033[38;2;31;17;17m0\033[38;2;43;22;22m0\033[38;2;30;16;17m0\033[38;2;16;10;11m1\033[38;2;18;11;13m0\033[38;2;21;13;15m0\033[38;2;25;17;18m0\033[38;2;34;23;25m1\033[38;2;35;24;26m1\033[38;2;52;34;37m0\033[38;2;61;39;41m0\033[38;2;68;41;41m0\033[38;2;69;41;40m0\033[38;2;57;32;32m0\033[38;2;56;29;28m1\033[38;2;56;24;23m1\033[38;2;116;51;45m1\033[38;2;149;75;68m1\033[38;2;158;90;82m1\033[38;2;168;108;102m1\033[38;2;173;119;113m0\033[38;2;176;133;133m0\033[38;2;102;88;84m0\033[38;2;14;23;6m0\033[38;2;11;20;6m1\033[38;2;9;14;5m1\033[38;2;25;35;10m1\033[38;2;22;35;8m0\033[38;2;35;53;11m0\033[38;2;14;26;5m0\033[38;2;11;21;4m1\033[38;2;9;17;4m1\033[38;2;6;11;4m1\033[38;2;6;12;5m10\033[38;2;8;14;5m0\033[38;2;34;51;11m1\033[38;2;114;133;22m0\033[38;2;62;78;12m1\033[38;2;90;105;25m1\033[38;2;146;153;42m0\033[38;2;167;174;47m1\033[38;2;176;184;49m1\033[38;2;168;180;48m1\033[38;2;127;149;39m1\033[38;2;39;64;17m0\033[38;2;23;43;12m0\033[38;2;12;23;8m1\033[38;2;10;19;6m1\033[38;2;12;23;8m1\033[38;2;16;29;9m1\033[38;2;37;52;16m0\033[38;2;35;52;15m1\033[38;2;37;56;17m1\033[38;2;48;69;20m0\033[38;2;45;65;18m1\033[38;2;46;65;17m0\033[38;2;52;72;19m1\033[38;2;46;65;17m0\033[38;2;43;66;16m0\033[0m\n\
\033[38;2;48;26;23m0\033[38;2;85;58;49m1\033[38;2;106;76;65m1\033[38;2;131;97;82m0\033[38;2;146;106;91m1\033[38;2;150;109;88m0\033[38;2;144;111;79m0\033[38;2;146;106;81m1\033[38;2;105;72;58m0\033[38;2;28;26;17m0\033[38;2;41;48;30m0\033[38;2;105;111;79m0\033[38;2;142;149;117m0\033[38;2;162;164;141m1\033[38;2;194;184;165m0\033[38;2;223;208;180m0\033[38;2;233;217;179m1\033[38;2;216;199;159m1\033[38;2;202;187;150m0\033[38;2;213;198;167m0\033[38;2;204;179;147m0\033[38;2;198;174;144m1\033[38;2;199;177;146m0\033[38;2;202;180;144m0\033[38;2;203;182;147m0\033[38;2;193;173;149m1\033[38;2;187;170;146m1\033[38;2;182;164;139m1\033[38;2;182;165;141m0\033[38;2;186;170;149m1\033[38;2;186;171;149m0\033[38;2;190;176;156m0\033[38;2;187;177;158m0\033[38;2;141;139;122m1\033[38;2;105;102;82m0\033[38;2;120;100;76m0\033[38;2;141;122;94m0\033[38;2;81;76;46m1\033[38;2;37;39;20m1\033[38;2;17;21;12m1\033[38;2;66;66;48m1\033[38;2;64;61;41m1\033[38;2;49;48;33m1\033[38;2;43;46;32m1\033[38;2;34;37;26m0\033[38;2;109;100;75m1\033[38;2;210;197;173m0\033[38;2;207;198;186m1\033[38;2;228;216;206m0\033[38;2;210;195;174m0\033[38;2;183;167;149m1\033[38;2;190;176;162m0\033[38;2;193;179;167m1\033[38;2;195;180;173m1\033[38;2;199;186;182m1\033[38;2;204;193;191m1\033[38;2;207;197;197m0\033[38;2;214;202;198m1\033[38;2;217;201;187m0\033[38;2;191;173;165m1\033[38;2;195;182;176m1\033[38;2;197;184;176m1\033[38;2;201;186;179m1\033[38;2;214;199;194m0\033[38;2;209;198;197m1\033[38;2;190;168;173m1\033[38;2;207;180;191m0\033[38;2;215;202;212m1\033[38;2;202;177;191m0\033[38;2;81;64;64m1\033[38;2;23;14;14m0\033[38;2;47;32;32m0\033[38;2;64;45;49m0\033[38;2;11;4;11m0\033[38;2;4;1;5m1\033[38;2;12;6;9m1\033[38;2;27;17;14m1\033[38;2;24;15;13m1\033[38;2;21;14;12m1\033[38;2;10;9;7m0\033[38;2;2;3;2m1\033[38;2;2;2;2m010\033[38;2;4;5;3m1\033[38;2;6;6;4m1\033[38;2;5;5;3m1\033[38;2;4;4;3m01\033[38;2;5;5;3m1\033[38;2;6;6;4m0\033[38;2;7;8;5m1\033[38;2;11;10;7m0\033[38;2;29;26;17m0\033[38;2;17;14;12m1\033[38;2;43;27;26m1\033[38;2;82;47;45m1\033[38;2;108;58;53m1\033[38;2;139;71;64m1\033[38;2;164;82;73m1\033[38;2;161;78;68m0\033[38;2;105;46;40m1\033[38;2;97;43;38m1\033[38;2;87;38;33m1\033[38;2;69;30;29m0\033[38;2;53;23;23m1\033[38;2;51;21;23m0\033[38;2;73;30;31m0\033[38;2;78;30;31m1\033[38;2;85;32;33m1\033[38;2;103;39;40m0\033[38;2;116;43;45m0\033[38;2;119;46;47m0\033[38;2;127;51;52m0\033[38;2;119;48;48m1\033[38;2;108;46;45m1\033[38;2;100;42;42m0\033[38;2;93;39;39m0\033[38;2;91;38;38m0\033[38;2;96;41;41m1\033[38;2;91;39;39m1\033[38;2;84;37;38m1\033[38;2;78;35;37m0\033[38;2;69;33;34m0\033[38;2;66;33;34m1\033[38;2;69;35;35m1\033[38;2;61;32;32m1\033[38;2;49;27;27m1\033[38;2;46;23;23m0\033[38;2;43;23;23m1\033[38;2;30;14;14m1\033[38;2;97;47;40m0\033[38;2;150;79;68m0\033[38;2;161;99;87m1\033[38;2;170;120;113m1\033[38;2;155;116;109m1\033[38;2;135;108;106m1\033[38;2;34;37;31m1\033[38;2;7;17;8m1\033[38;2;15;30;15m1\033[38;2;27;45;17m0\033[38;2;34;52;11m1\033[38;2;39;61;11m1\033[38;2;60;88;12m1\033[38;2;69;97;10m0\033[38;2;75;106;11m0\033[38;2;60;90;10m1\033[38;2;40;65;9m1\033[38;2;27;43;9m1\033[38;2;4;9;3m0\033[38;2;12;20;6m1\033[38;2;43;60;11m0\033[38;2;28;42;9m1\033[38;2;18;31;8m1\033[38;2;27;45;10m0\033[38;2;38;58;12m1\033[38;2;57;81;15m1\033[38;2;47;69;15m0\033[38;2;45;66;17m0\033[38;2;37;54;15m0\033[38;2;19;34;10m0\033[38;2;9;18;6m1\033[38;2;6;12;5m0\033[38;2;5;10;5m11\033[38;2;6;12;6m0\033[38;2;7;15;7m0\033[38;2;11;21;9m10\033[38;2;3;9;5m1\033[38;2;6;14;6m0\033[38;2;10;18;8m0\033[38;2;10;17;7m1\033[38;2;7;13;6m0\033[38;2;8;14;6m1\033[0m\n\
\033[38;2;72;45;38m0\033[38;2;93;62;53m0\033[38;2;108;76;64m1\033[38;2;135;99;84m0\033[38;2;141;100;84m0\033[38;2;138;97;79m1\033[38;2;116;100;52m1\033[38;2;75;88;24m1\033[38;2;41;49;14m0\033[38;2;62;57;52m1\033[38;2;209;199;186m1\033[38;2;215;214;209m0\033[38;2;213;212;209m0\033[38;2;223;216;207m0\033[38;2;231;220;203m0\033[38;2;232;220;198m0\033[38;2;232;216;187m1\033[38;2;231;214;176m1\033[38;2;190;168;116m1\033[38;2;119;100;60m1\033[38;2;139;117;81m0\033[38;2;153;133;94m1\033[38;2;153;131;91m1\033[38;2;91;79;43m1\033[38;2;146;125;93m0\033[38;2;174;152;127m1\033[38;2;191;161;136m1\033[38;2;203;167;146m0\033[38;2;199;165;146m1\033[38;2;195;167;149m0\033[38;2;193;167;153m0\033[38;2;189;164;155m1\033[38;2;153;130;117m1\033[38;2;88;72;57m0\033[38;2;128;105;87m1\033[38;2;161;130;108m1\033[38;2;159;130;106m1\033[38;2;167;138;116m1\033[38;2;199;164;130m1\033[38;2;153;124;105m1\033[38;2;186;150;128m1\033[38;2;116;84;72m0\033[38;2;90;62;56m0\033[38;2;109;78;66m0\033[38;2;85;54;52m0\033[38;2;64;43;39m1\033[38;2;39;35;25m1\033[38;2;68;64;52m0\033[38;2;102;96;85m1\033[38;2;65;60;52m1\033[38;2;94;82;69m0\033[38;2;139;127;116m1\033[38;2;159;149;141m0\033[38;2;186;170;164m1\033[38;2;190;173;170m1\033[38;2;167;144;142m0\033[38;2;127;94;94m0\033[38;2;187;171;158m0\033[38;2;168;152;139m0\033[38;2;176;159;146m1\033[38;2;202;189;177m0\033[38;2;204;187;170m0\033[38;2;220;203;198m1\033[38;2;217;203;202m0\033[38;2;214;201;203m1\033[38;2;212;198;199m1\033[38;2;206;187;189m1\033[38;2;210;198;203m0\033[38;2;217;213;221m1\033[38;2;187;182;190m1\033[38;2;87;72;78m1\033[38;2;108;82;88m1\033[38;2;127;97;106m0\033[38;2;31;21;29m0\033[38;2;96;54;76m1\033[38;2;174;102;119m1\033[38;2;75;45;46m1\033[38;2;100;81;65m1\033[38;2;45;41;27m0\033[38;2;15;20;8m0\033[38;2;21;24;12m0\033[38;2;23;24;13m0\033[38;2;16;18;9m10\033[38;2;14;16;9m0\033[38;2;8;9;5m0\033[38;2;7;8;4m0\033[38;2;6;6;4m0\033[38;2;6;6;3m000\033[38;2;6;6;4m0\033[38;2;7;7;4m0\033[38;2;13;13;8m0\033[38;2;13;13;9m1\033[38;2;15;11;10m0\033[38;2;39;24;24m1\033[38;2;65;37;38m0\033[38;2;102;54;53m0\033[38;2;138;71;65m1\033[38;2;161;82;73m1\033[38;2;164;82;72m0\033[38;2;147;71;62m0\033[38;2;146;72;62m1\033[38;2;159;81;71m1\033[38;2;149;73;64m0\033[38;2;111;49;46m0\033[38;2;103;43;43m1\033[38;2;119;48;51m1\033[38;2;131;53;57m1\033[38;2;128;49;54m0\033[38;2;119;43;48m1\033[38;2;114;40;43m1\033[38;2;111;38;41m1\033[38;2;106;35;39m1\033[38;2;102;32;35m1\033[38;2;100;32;35m0\033[38;2;102;33;37m1\033[38;2;105;35;39m1\033[38;2;103;37;40m0\033[38;2;102;38;41m1\033[38;2;103;40;43m0\033[38;2;103;43;48m0\033[38;2;100;43;48m0\033[38;2;79;33;37m1\033[38;2;66;29;31m0\033[38;2;88;45;41m0\033[38;2;105;56;48m1\033[38;2;103;54;46m0\033[38;2;94;47;39m0\033[38;2;122;62;52m0\033[38;2;155;84;69m1\033[38;2;162;94;79m0\033[38;2;155;103;91m1\033[38;2;138;102;94m1\033[38;2;111;85;82m0\033[38;2;69;61;56m1\033[38;2;10;17;8m0\033[38;2;10;23;11m0\033[38;2;24;43;26m0\033[38;2;29;47;23m1\033[38;2;19;34;9m1\033[38;2;12;22;5m0\033[38;2;9;15;5m0\033[38;2;17;29;6m1\033[38;2;22;40;8m1\033[38;2;27;48;12m0\033[38;2;38;58;10m1\033[38;2;25;41;7m1\033[38;2;14;23;4m0\033[38;2;14;23;5m0\033[38;2;28;43;8m1\033[38;2;23;39;8m0\033[38;2;39;62;12m0\033[38;2;35;54;12m0\033[38;2;33;52;12m1\033[38;2;28;46;11m0\033[38;2;24;41;10m0\033[38;2;17;30;10m1\033[38;2;19;37;12m0\033[38;2;22;42;14m1\033[38;2;24;49;17m0\033[38;2;24;51;15m1\033[38;2;14;32;9m0\033[38;2;22;41;12m1\033[38;2;56;75;23m1\033[38;2;22;34;10m1\033[38;2;5;10;4m0\033[38;2;2;5;3m0\033[38;2;1;3;2m01\033[38;2;5;9;5m1\033[38;2;3;6;3m1\033[38;2;3;7;3m0\033[38;2;6;10;4m1\033[0m\n\
\033[38;2;93;58;46m1\033[38;2;106;68;56m1\033[38;2;116;76;62m0\033[38;2;125;84;69m0\033[38;2;130;85;69m0\033[38;2;138;90;72m1\033[38;2;93;57;49m0\033[38;2;18;16;14m1\033[38;2;57;62;45m0\033[38;2;218;212;197m0\033[38;2;216;214;207m1\033[38;2;203;201;197m0\033[38;2;224;215;203m1\033[38;2;235;224;203m1\033[38;2;236;225;204m1\033[38;2;233;222;204m1\033[38;2;220;208;190m1\033[38;2;201;190;167m0\033[38;2;167;153;114m0\033[38;2;41;37;18m1\033[38;2;25;23;11m1\033[38;2;33;30;15m1\033[38;2;40;35;18m1\033[38;2;26;24;12m0\033[38;2;28;26;14m1\033[38;2;133;96;78m1\033[38;2;251;204;187m1\033[38;2;246;191;182m0\033[38;2;227;168;167m0\033[38;2;204;149;156m0\033[38;2;189;135;147m0\033[38;2;180;127;139m1\033[38;2;177;122;135m1\033[38;2;179;122;136m1\033[38;2;174;119;133m0\033[38;2;170;116;128m1\033[38;2;167;111;125m0\033[38;2;165;109;120m1\033[38;2;164;106;117m1\033[38;2;165;106;117m1\033[38;2;164;103;116m0\033[38;2;168;106;119m0\033[38;2;170;108;120m1\033[38;2;168;103;117m0\033[38;2;174;108;119m0\033[38;2;156;96;103m1\033[38;2;46;40;27m0\033[38;2;20;23;11m1\033[38;2;5;6;2m0\033[38;2;2;3;1m1\033[38;2;5;5;2m0\033[38;2;12;14;7m1\033[38;2;28;31;17m0\033[38;2;102;90;72m1\033[38;2;170;146;138m0\033[38;2;177;155;150m0\033[38;2;82;56;57m0\033[38;2;139;111;105m1\033[38;2;193;174;158m1\033[38;2;202;165;171m0\033[38;2;207;130;171m0\033[38;2;214;170;183m0\033[38;2;218;201;201m1\033[38;2;209;191;193m0\033[38;2;210;194;198m0\033[38;2;210;194;195m1\033[38;2;210;190;195m1\033[38;2;212;189;197m0\033[38;2;216;194;203m0\033[38;2;221;199;210m0\033[38;2;220;201;217m1\033[38;2;210;180;209m1\033[38;2;223;195;216m0\033[38;2;220;183;213m1\033[38;2;231;165;215m1\033[38;2;247;131;206m1\033[38;2;247;111;195m1\033[38;2;253;168;214m0\033[38;2;225;149;177m0\033[38;2;130;91;91m0\033[38;2;39;37;24m1\033[38;2;12;19;7m0\033[38;2;114;103;78m1\033[38;2;65;58;41m0\033[38;2;8;9;5m1\033[38;2;4;6;3m1\033[38;2;2;4;1m0\033[38;2;4;5;2m1\033[38;2;5;6;3m10\033[38;2;6;6;3m1\033[38;2;8;8;5m0\033[38;2;9;9;6m1\033[38;2;9;9;5m1\033[38;2;22;19;10m1\033[38;2;14;12;8m1\033[38;2;13;9;10m1\033[38;2;35;21;22m0\033[38;2;43;24;26m1\033[38;2;71;37;37m1\033[38;2;124;62;57m0\033[38;2;149;73;64m0\033[38;2;156;78;68m0\033[38;2;147;72;62m0\033[38;2;159;81;71m1\033[38;2;170;88;76m0\033[38;2;171;90;76m1\033[38;2;167;85;75m0\033[38;2;161;78;72m1\033[38;2;161;72;72m1\033[38;2;168;71;76m0\033[38;2;174;72;81m1\033[38;2;174;71;79m1\033[38;2;171;69;76m0\033[38;2;167;68;76m0\033[38;2;161;65;73m0\033[38;2;158;65;73m0\033[38;2;156;65;73m1\033[38;2;155;64;73m0\033[38;2;156;65;75m1\033[38;2;153;66;75m1\033[38;2;152;69;78m0\033[38;2;150;72;79m1\033[38;2;147;73;76m1\033[38;2;146;75;73m1\033[38;2;152;82;75m0\033[38;2;155;87;75m0\033[38;2;150;84;71m1\033[38;2;138;73;60m1\033[38;2;139;73;60m0\033[38;2;156;87;71m0\033[38;2;158;91;75m0\033[38;2;139;87;76m0\033[38;2;124;90;82m0\033[38;2;106;81;78m1\033[38;2;81;66;61m0\033[38;2;47;57;26m0\033[38;2;16;29;8m0\033[38;2;12;25;7m0\033[38;2;17;32;14m0\033[38;2;22;40;19m1\033[38;2;10;22;6m1\033[38;2;40;54;13m1\033[38;2;39;57;9m1\033[38;2;42;66;10m1\033[38;2;60;79;21m0\033[38;2;11;21;6m0\033[38;2;10;19;5m0\033[38;2;13;23;5m0\033[38;2;6;12;3m1\033[38;2;3;6;3m1\033[38;2;15;19;8m1\033[38;2;9;12;5m0\033[38;2;1;3;3m0\033[38;2;2;4;3m011\033[38;2;1;3;2m1\033[38;2;0;1;1m1\033[38;2;0;2;1m0\033[38;2;2;5;2m1\033[38;2;4;10;3m1\033[38;2;7;16;4m1\033[38;2;14;27;7m0\033[38;2;39;62;16m1\033[38;2;94;122;30m1\033[38;2;105;139;30m0\033[38;2;85;114;26m0\033[38;2;14;25;6m1\033[38;2;3;7;3m1\033[38;2;2;4;2m1\033[38;2;3;6;2m0\033[38;2;2;5;2m0\033[38;2;1;4;2m0\033[38;2;2;5;2m1\033[0m\n\
\033[38;2;102;60;47m0\033[38;2;105;64;49m1\033[38;2;113;69;54m1\033[38;2;117;73;58m0\033[38;2;125;78;61m0\033[38;2;174;117;97m0\033[38;2;102;60;51m1\033[38;2;10;4;8m1\033[38;2;78;58;65m0\033[38;2;202;191;176m1\033[38;2;189;182;165m1\033[38;2;174;165;153m0\033[38;2;170;158;142m0\033[38;2;229;213;186m0\033[38;2;206;189;158m1\033[38;2;91;82;68m0\033[38;2;33;28;27m0\033[38;2;57;52;52m0\033[38;2;206;193;152m1\033[38;2;75;69;47m1\033[38;2;159;147;111m0\033[38;2;85;79;42m0\033[38;2;38;38;17m1\033[38;2;68;62;39m1\033[38;2;155;116;94m0\033[38;2;249;197;183m1\033[38;2;245;187;180m1\033[38;2;218;159;162m1\033[38;2;197;141;152m0\033[38;2;183;130;142m1\033[38;2;179;124;138m0\033[38;2;174;120;133m1\033[38;2;171;117;130m1\033[38;2;168;114;127m0\033[38;2;167;111;124m1\033[38;2;164;108;120m1\033[38;2;162;106;117m0\033[38;2;162;105;116m0\033[38;2;162;103;114m0\033[38;2;162;102;113m1\033[38;2;162;100;113m0\033[38;2;161;100;111m0\033[38;2;161;99;108m0\033[38;2;161;97;106m1\033[38;2;162;97;106m0\033[38;2;171;100;111m0\033[38;2;100;60;60m1\033[38;2;6;6;2m0\033[38;2;4;5;2m1\033[38;2;6;6;3m0\033[38;2;8;9;4m1\033[38;2;39;42;22m0\033[38;2;30;35;17m1\033[38;2;10;12;8m1\033[38;2;125;108;103m0\033[38;2;216;199;195m1\033[38;2;87;81;73m1\033[38;2;9;7;6m1\033[38;2;48;37;31m1\033[38;2;186;131;144m1\033[38;2;217;146;195m1\033[38;2;216;139;191m1\033[38;2;214;190;198m0\033[38;2;206;187;190m0\033[38;2;210;165;194m0\033[38;2;221;149;209m1\033[38;2;217;177;199m1\033[38;2;214;171;187m1\033[38;2;218;183;197m1\033[38;2;218;187;202m1\033[38;2;217;184;203m0\033[38;2;222;190;210m0\033[38;2;222;180;215m1\033[38;2;217;127;208m0\033[38;2;215;117;204m0\033[38;2;220;144;202m1\033[38;2;218;82;171m0\033[38;2;237;82;191m1\033[38;2;253;198;208m1\033[38;2;253;193;206m1\033[38;2;230;113;179m0\033[38;2;210;111;146m1\033[38;2;253;179;203m0\033[38;2;247;191;203m0\033[38;2;229;127;183m1\033[38;2;120;84;82m1\033[38;2;105;68;72m1\033[38;2;24;23;17m1\033[38;2;2;5;2m1\033[38;2;6;7;3m0\033[38;2;6;8;4m0\033[38;2;10;10;6m0\033[38;2;10;11;6m0\033[38;2;9;9;5m1\033[38;2;24;23;12m1\033[38;2;33;32;14m0\033[38;2;10;9;6m0\033[38;2;11;8;9m1\033[38;2;23;13;14m0\033[38;2;37;21;22m0\033[38;2;79;41;38m0\033[38;2;119;60;52m0\033[38;2;136;66;58m0\033[38;2;133;66;57m0\033[38;2;141;72;62m0\033[38;2;159;81;71m1\033[38;2;165;84;72m0\033[38;2;165;84;71m1\033[38;2;162;82;69m0\033[38;2;156;78;68m1\033[38;2;149;71;62m1\033[38;2;142;62;58m0\033[38;2;138;56;53m1\033[38;2;135;52;51m1\033[38;2;138;52;53m1\033[38;2;139;53;54m1\033[38;2;136;53;53m0\033[38;2;141;56;56m1\033[38;2;141;56;57m1\033[38;2;142;60;61m0\033[38;2;147;69;69m0\033[38;2;156;81;79m1\033[38;2;161;90;84m0\033[38;2;164;94;84m0\033[38;2;162;93;82m0\033[38;2;158;88;78m1\033[38;2;152;85;72m0\033[38;2;141;78;64m1\033[38;2;138;73;60m0\033[38;2;144;79;64m0\033[38;2;146;85;71m1\033[38;2;135;84;73m1\033[38;2;91;65;65m1\033[38;2;85;65;66m1\033[38;2;65;52;54m1\033[38;2;37;48;23m0\033[38;2;78;113;37m0\033[38;2;68;102;27m0\033[38;2;34;56;8m0\033[38;2;24;49;4m1\033[38;2;32;64;5m1\033[38;2;28;54;5m1\033[38;2;10;21;3m1\033[38;2;9;18;2m0\033[38;2;33;60;5m1\033[38;2;84;120;12m1\033[38;2;52;85;5m1\033[38;2;52;87;5m0\033[38;2;46;75;5m0\033[38;2;23;43;3m0\033[38;2;14;30;4m0\033[38;2;48;66;17m0\033[38;2;88;111;31m0\033[38;2;52;76;24m0\033[38;2;15;29;10m0\033[38;2;2;4;2m1\033[38;2;3;6;5m0\033[38;2;17;23;17m1\033[38;2;23;33;23m1\033[38;2;25;39;28m1\033[38;2;26;40;35m0\033[38;2;29;42;41m0\033[38;2;24;37;38m1\033[38;2;29;45;43m1\033[38;2;45;65;60m0\033[38;2;43;65;57m0\033[38;2;52;79;57m1\033[38;2;66;99;60m1\033[38;2;60;93;58m0\033[38;2;40;66;53m1\033[38;2;39;61;48m1\033[38;2;31;52;37m0\033[38;2;14;27;19m1\033[38;2;8;16;12m0\033[38;2;8;14;9m1\033[0m\n\
\033[38;2;97;54;39m0\033[38;2;99;56;40m1\033[38;2;106;61;46m1\033[38;2;111;64;49m0\033[38;2;122;73;60m1\033[38;2;241;187;174m0\033[38;2;191;125;102m1\033[38;2;16;6;10m1\033[38;2;23;10;15m0\033[38;2;37;25;22m1\033[38;2;54;57;28m0\033[38;2;28;30;14m1\033[38;2;5;5;3m1\033[38;2;65;57;46m1\033[38;2;210;189;153m0\033[38;2;164;147;114m0\033[38;2;31;25;20m0\033[38;2;29;24;25m1\033[38;2;170;155;111m1\033[38;2;138;128;106m1\033[38;2;247;238;210m0\033[38;2;158;152;88m0\033[38;2;40;48;23m0\033[38;2;189;155;131m0\033[38;2;254;215;198m0\033[38;2;239;180;173m0\033[38;2;212;155;158m1\033[38;2;190;136;147m0\033[38;2;180;127;139m1\033[38;2;176;122;133m1\033[38;2;171;117;130m0\033[38;2;168;114;127m0\033[38;2;165;111;124m0\033[38;2;164;108;120m1\033[38;2;162;106;117m0\033[38;2;162;103;114m1\033[38;2;161;102;113m1\033[38;2;161;100;111m1\033[38;2;161;99;109m0\033[38;2;161;97;108m0\033[38;2;161;97;106m0\033[38;2;159;96;105m1\033[38;2;161;94;105m0\033[38;2;161;93;103m0\033[38;2;162;91;102m1\033[38;2;165;91;103m0\033[38;2;159;87;97m0\033[38;2;30;19;16m1\033[38;2;7;9;4m1\033[38;2;7;8;4m1\033[38;2;22;24;12m0\033[38;2;24;28;14m1\033[38;2;3;5;2m0\033[38;2;0;1;0m1\033[38;2;53;49;47m1\033[38;2;130;119;117m1\033[38;2;11;12;10m0\033[38;2;2;2;1m0\033[38;2;1;2;1m0\033[38;2;85;65;49m1\033[38;2;202;125;164m1\033[38;2;212;96;183m0\033[38;2;208;131;179m1\033[38;2;206;171;183m0\033[38;2;220;183;204m1\033[38;2;218;130;199m1\033[38;2;225;174;204m1\033[38;2;223;184;202m1\033[38;2;218;179;198m1\033[38;2;213;161;189m0\033[38;2;210;158;189m1\033[38;2;209;159;198m1\033[38;2;207;138;203m1\033[38;2;206;147;209m1\033[38;2;208;146;208m0\033[38;2;197;99;180m0\033[38;2;170;39;124m1\033[38;2;183;41;128m0\033[38;2;234;106;142m1\033[38;2;240;120;135m0\033[38;2;251;125;195m1\033[38;2;253;90;197m0\033[38;2;254;139;208m0\033[38;2;255;215;226m1\033[38;2;255;165;228m0\033[38;2;252;111;213m1\033[38;2;254;182;233m0\033[38;2;213;135;167m0\033[38;2;47;25;27m0\033[38;2;9;12;6m1\033[38;2;7;10;5m0\033[38;2;6;9;4m00\033[38;2;9;10;6m1\033[38;2;12;14;7m0\033[38;2;18;20;9m0\033[38;2;17;19;8m0\033[38;2;4;4;3m1\033[38;2;6;4;5m1\033[38;2;16;10;11m0\033[38;2;39;22;22m0\033[38;2;79;42;39m1\033[38;2;102;54;51m0\033[38;2;81;45;43m1\033[38;2;78;43;42m0\033[38;2;119;64;57m0\033[38;2;144;75;66m0\033[38;2;156;79;68m0\033[38;2;161;82;69m0\033[38;2;158;79;66m0\033[38;2;149;73;62m1\033[38;2;127;61;53m0\033[38;2;99;47;41m1\033[38;2;72;35;31m1\033[38;2;57;28;27m1\033[38;2;42;22;22m0\033[38;2;54;28;27m0\033[38;2;78;40;37m0\033[38;2;88;45;40m1\033[38;2;105;53;47m1\033[38;2;131;71;61m0\033[38;2;152;84;73m0\033[38;2;161;91;79m1\033[38;2;164;94;81m1\033[38;2;161;94;79m1\033[38;2;153;90;75m1\033[38;2;141;82;69m0\033[38;2;119;68;58m0\033[38;2;111;65;54m1\033[38;2;138;84;71m1\033[38;2;139;88;76m0\033[38;2;91;62;61m1\033[38;2;58;46;51m1\033[38;2;61;48;51m0\033[38;2;133;131;146m0\033[38;2;146;179;197m1\033[38;2;131;170;168m1\033[38;2;156;195;170m1\033[38;2;97;127;120m0\033[38;2;69;100;88m0\033[38;2;64;94;66m0\033[38;2;41;65;47m0\033[38;2;37;53;46m0\033[38;2;46;66;48m0\033[38;2;84;117;52m0\033[38;2;68;100;35m0\033[38;2;43;69;25m0\033[38;2;28;49;18m1\033[38;2;31;49;24m0\033[38;2;45;62;47m0\033[38;2;54;71;78m0\033[38;2;72;91;102m0\033[38;2;130;156;144m1\033[38;2;170;191;179m0\033[38;2;176;194;198m1\033[38;2;180;194;208m1\033[38;2;193;203;224m0\033[38;2;207;220;239m0\033[38;2;209;224;244m0\033[38;2;210;228;248m0\033[38;2;209;229;249m0\033[38;2;206;226;249m0\033[38;2;210;231;251m0\033[38;2;207;232;251m1\033[38;2;202;230;251m0\033[38;2;202;230;252m1\033[38;2;201;230;253m1\033[38;2;195;225;252m1\033[38;2;193;223;251m0\033[38;2;194;224;250m0\033[38;2;193;224;250m1\033[38;2;191;223;249m0\033[38;2;183;217;245m0\033[38;2;171;207;238m1\033[38;2;158;194;228m0\033[0m\n\
\033[38;2;93;49;33m1\033[38;2;96;52;37m0\033[38;2;102;56;42m1\033[38;2;97;54;40m1\033[38;2;171;114;105m1\033[38;2;254;220;204m0\033[38;2;251;203;180m1\033[38;2;84;40;38m0\033[38;2;20;8;12m1\033[38;2;24;9;14m1\033[38;2;34;28;18m0\033[38;2;40;46;20m0\033[38;2;20;23;10m0\033[38;2;4;4;2m0\033[38;2;48;42;33m1\033[38;2;182;164;135m1\033[38;2;174;158;128m0\033[38;2;60;48;43m1\033[38;2;159;144;114m1\033[38;2;197;184;156m1\033[38;2;209;197;161m0\033[38;2;97;103;52m1\033[38;2;135;113;84m1\033[38;2;249;199;184m0\033[38;2;235;176;170m1\033[38;2;203;149;153m1\033[38;2;186;133;144m0\033[38;2;179;124;138m1\033[38;2;174;119;131m1\033[38;2;170;114;127m0\033[38;2;165;111;124m1\033[38;2;162;108;119m1\033[38;2;161;105;116m1\033[38;2;161;103;113m1\033[38;2;159;100;111m1\033[38;2;159;100;109m1\033[38;2;161;97;106m1\033[38;2;159;96;105m10\033[38;2;159;94;103m0\033[38;2;159;93;103m0\033[38;2;159;93;102m0\033[38;2;161;90;102m0\033[38;2;162;88;100m11\033[38;2;162;87;100m0\033[38;2;168;90;103m0\033[38;2;119;62;68m1\033[38;2;16;14;9m0\033[38;2;12;14;7m0\033[38;2;27;29;15m1\033[38;2;21;22;14m1\033[38;2;65;60;51m1\033[38;2;138;122;114m1\033[38;2;174;156;150m0\033[38;2;33;29;22m0\033[38;2;10;10;6m1\033[38;2;27;24;19m1\033[38;2;5;6;4m1\033[38;2;30;26;16m0\033[38;2;159;103;116m0\033[38;2;183;47;133m0\033[38;2;193;54;142m0\033[38;2;214;116;167m1\033[38;2;235;195;208m1\033[38;2;212;158;187m0\033[38;2;216;174;194m0\033[38;2;225;182;209m0\033[38;2;221;180;206m1\033[38;2;218;177;206m0\033[38;2;201;155;183m0\033[38;2;150;102;125m1\033[38;2;139;87;111m1\033[38;2;149;68;111m1\033[38;2;138;28;87m0\033[38;2;138;17;85m0\033[38;2;135;15;76m0\033[38;2;119;5;54m1\033[38;2;180;21;114m0\033[38;2;248;73;199m1\033[38;2;250;149;182m1\033[38;2;241;73;147m0\033[38;2;250;48;187m0\033[38;2;253;139;213m1\033[38;2;254;127;213m0\033[38;2;252;127;212m1\033[38;2;254;162;225m1\033[38;2;255;147;228m1\033[38;2;244;152;206m0\033[38;2;228;130;193m0\033[38;2;158;96;120m1\033[38;2;17;21;11m0\033[38;2;34;30;23m0\033[38;2;10;12;6m1\033[38;2;9;12;6m1\033[38;2;9;12;5m0\033[38;2;11;14;6m1\033[38;2;10;12;6m0\033[38;2;2;3;2m1\033[38;2;2;2;2m1\033[38;2;8;6;7m1\033[38;2;27;17;17m1\033[38;2;40;24;25m0\033[38;2;31;20;22m1\033[38;2;28;18;20m0\033[38;2;53;32;33m1\033[38;2;71;41;40m1\033[38;2;120;66;61m0\033[38;2;152;82;71m1\033[38;2;156;82;71m1\033[38;2;153;79;68m1\033[38;2;139;71;61m1\033[38;2;106;52;46m0\033[38;2;60;30;29m1\033[38;2;34;19;20m1\033[38;2;19;11;12m0\033[38;2;22;12;13m1\033[38;2;37;21;21m0\033[38;2;66;34;30m0\033[38;2;105;53;45m1\033[38;2;138;72;60m1\033[38;2;152;84;69m1\033[38;2;158;91;75m0\033[38;2;153;90;73m0\033[38;2;139;82;68m0\033[38;2;120;72;60m0\033[38;2;93;57;51m1\033[38;2;76;49;46m0\033[38;2;75;49;45m0\033[38;2;106;72;65m1\033[38;2;85;61;58m0\033[38;2;40;34;38m0\033[38;2;45;39;43m0\033[38;2;142;106;103m0\033[38;2;194;152;153m1\033[38;2;199;203;234m0\033[38;2;210;232;255m0\033[38;2;202;224;253m0\033[38;2;201;223;253m0\033[38;2;195;213;248m0\033[38;2;191;208;245m1\033[38;2;193;210;246m0\033[38;2;193;209;243m1\033[38;2;194;210;241m0\033[38;2;197;218;249m1\033[38;2;197;222;250m1\033[38;2;190;213;244m1\033[38;2;186;208;238m0\033[38;2;193;214;240m1\033[38;2;209;227;250m1\033[38;2;214;234;254m0\033[38;2;209;233;254m1\033[38;2;212;233;254m0\033[38;2;214;233;254m0\033[38;2;217;232;253m0\033[38;2;216;228;250m1\033[38;2;228;233;249m1\033[38;2;232;237;250m0\033[38;2;222;232;249m0\033[38;2;209;225;247m0\033[38;2;201;221;246m1\033[38;2;202;222;246m0\033[38;2;213;229;249m0\033[38;2;203;224;248m1\033[38;2;194;220;248m0\033[38;2;195;221;250m1\033[38;2;198;224;252m0\033[38;2;201;228;253m1\033[38;2;197;224;252m1\033[38;2;195;221;250m0\033[38;2;195;221;249m0\033[38;2;198;224;251m1\033[38;2;199;226;252m1\033[38;2;201;228;252m0\033[38;2;199;228;253m0\033[0m\n\
\033[38;2;91;48;33m1\033[38;2;97;51;38m0\033[38;2;97;52;38m1\033[38;2;113;64;53m0\033[38;2;244;190;179m0\033[38;2;254;214;198m1\033[38;2;254;210;194m0\033[38;2;239;176;156m0\033[38;2;69;31;32m1\033[38;2;22;7;12m0\033[38;2;23;8;13m0\033[38;2;26;16;15m1\033[38;2;28;27;16m1\033[38;2;17;20;10m1\033[38;2;5;6;3m0\033[38;2;10;10;9m1\033[38;2;58;52;45m0\033[38;2;131;113;94m0\033[38;2;190;167;130m1\033[38;2;194;174;144m1\033[38;2;146;138;96m1\033[38;2;155;130;96m1\033[38;2;250;203;190m0\033[38;2;229;171;170m0\033[38;2;195;142;150m0\033[38;2;182;128;141m0\033[38;2;177;122;136m0\033[38;2;171;117;130m1\033[38;2;167;113;125m0\033[38;2;162;108;120m1\033[38;2;159;105;117m1\033[38;2;156;102;111m1\033[38;2;156;99;108m0\033[38;2;156;97;106m1\033[38;2;156;96;105m1\033[38;2;156;94;103m0\033[38;2;158;94;103m1\033[38;2;159;93;102m10\033[38;2;159;91;102m0\033[38;2;161;90;100m0\033[38;2;161;88;100m0\033[38;2;161;87;99m10\033[38;2;161;85;97m0\033[38;2;161;85;96m1\033[38;2;161;84;94m1\033[38;2;164;82;91m0\033[38;2;138;87;85m0\033[38;2;35;37;23m1\033[38;2;48;46;34m1\033[38;2;177;161;153m0\033[38;2;198;182;174m1\033[38;2;195;179;173m0\033[38;2;206;189;183m1\033[38;2;152;136;127m1\033[38;2;182;165;153m1\033[38;2;201;180;168m1\033[38;2;153;136;124m0\033[38;2;105;93;81m1\033[38;2;88;69;56m1\033[38;2;136;52;87m0\033[38;2;162;19;102m1\033[38;2;184;39;125m1\033[38;2;225;138;191m1\033[38;2;202;133;177m1\033[38;2;197;146;173m0\033[38;2;213;119;189m1\033[38;2;221;171;208m1\033[38;2;225;193;218m1\033[38;2;214;176;202m1\033[38;2;190;147;177m1\033[38;2;186;136;171m1\033[38;2;191;138;174m0\033[38;2;149;73;111m0\033[38;2;138;52;91m0\033[38;2;161;60;116m1\033[38;2;96;3;40m0\033[38;2;120;6;58m1\033[38;2;226;43;165m0\033[38;2;245;135;182m0\033[38;2;246;100;177m1\033[38;2;242;34;171m0\033[38;2;254;131;215m1\033[38;2;255;149;220m1\033[38;2;252;120;208m0\033[38;2;254;144;222m1\033[38;2;254;144;226m0\033[38;2;252;152;220m0\033[38;2;251;141;222m0\033[38;2;246;138;215m1\033[38;2;243;138;210m1\033[38;2;216;141;177m1\033[38;2;18;22;13m1\033[38;2;9;14;5m0\033[38;2;6;11;3m0\033[38;2;9;12;5m0\033[38;2;11;13;6m0\033[38;2;10;11;5m1\033[38;2;13;15;6m0\033[38;2;2;2;2m0\033[38;2;5;3;5m0\033[38;2;9;6;8m1\033[38;2;13;10;12m0\033[38;2;10;8;10m0\033[38;2;14;10;13m1\033[38;2;30;20;23m1\033[38;2;73;46;47m0\033[38;2;102;61;58m1\033[38;2;135;78;72m1\033[38;2;149;87;78m0\033[38;2;147;85;78m1\033[38;2;122;69;65m1\033[38;2;71;40;40m0\033[38;2;33;20;22m1\033[38;2;24;14;17m1\033[38;2;17;10;12m0\033[38;2;31;19;20m0\033[38;2;75;43;39m0\033[38;2;111;65;56m1\033[38;2;127;75;64m1\033[38;2;133;81;68m1\033[38;2;131;81;68m1\033[38;2;97;62;54m1\033[38;2;73;48;45m0\033[38;2;48;34;33m0\033[38;2;33;26;27m1\033[38;2;30;24;25m0\033[38;2;38;30;32m0\033[38;2;48;39;40m1\033[38;2;45;38;40m0\033[38;2;40;34;38m1\033[38;2;127;91;88m0\033[38;2;187;135;124m1\033[38;2;191;141;135m0\033[38;2;176;142;155m0\033[38;2;195;206;240m0\033[38;2;201;221;250m1\033[38;2;199;222;252m1\033[38;2;194;216;249m1\033[38;2;184;201;238m1\033[38;2;191;210;245m0\033[38;2;190;209;246m0\033[38;2;183;194;233m1\033[38;2;182;189;225m0\033[38;2;195;214;247m1\033[38;2;195;218;251m0\033[38;2;194;214;249m1\033[38;2;194;215;249m0\033[38;2;190;208;242m0\033[38;2;190;209;242m0\033[38;2;191;209;242m0\033[38;2;190;209;242m0\033[38;2;193;215;247m0\033[38;2;197;220;251m0\033[38;2;191;215;248m1\033[38;2;199;216;245m1\033[38;2;215;225;244m1\033[38;2;217;227;244m0\033[38;2;206;220;241m1\033[38;2;197;213;238m1\033[38;2;199;215;241m0\033[38;2;207;222;245m1\033[38;2;199;220;245m1\033[38;2;197;221;249m0\033[38;2;202;224;252m00\033[38;2;198;222;251m1\033[38;2;194;218;250m1\033[38;2;191;216;248m0\033[38;2;190;214;246m0\033[38;2;191;215;246m1\033[38;2;194;218;247m0\033[38;2;198;222;249m0\033[38;2;199;224;249m0\033[0m\n\
\033[38;2;99;52;39m0\033[38;2;96;51;38m1\033[38;2;88;45;34m1\033[38;2;197;130;122m1\033[38;2;254;214;201m1\033[38;2;252;204;187m0\033[38;2;249;198;182m1\033[38;2;249;195;184m0\033[38;2;230;164;158m1\033[38;2;88;43;47m1\033[38;2;23;7;11m1\033[38;2;17;5;9m0\033[38;2;17;5;10m1\033[38;2;14;6;8m1\033[38;2;10;8;8m1\033[38;2;14;13;12m0\033[38;2;49;46;40m0\033[38;2;65;57;51m0\033[38;2;136;114;90m0\033[38;2;243;234;184m0\033[38;2;186;161;120m1\033[38;2;245;198;187m0\033[38;2;220;164;165m0\033[38;2;189;136;147m1\033[38;2;179;125;139m0\033[38;2;173;120;133m1\033[38;2;167;114;127m1\033[38;2;164;109;122m0\033[38;2;159;105;117m0\033[38;2;155;102;113m1\033[38;2;152;99;108m0\033[38;2;150;96;105m1\033[38;2;150;94;102m0\033[38;2;150;94;100m1\033[38;2;153;94;100m0\033[38;2;156;93;102m0\033[38;2;159;93;102m1\033[38;2;159;91;102m0\033[38;2;161;88;100m1\033[38;2;161;88;99m0\033[38;2;161;87;99m1\033[38;2;159;87;99m1\033[38;2;159;85;97m1\033[38;2;159;84;93m1\033[38;2;159;84;90m1\033[38;2;158;82;90m0\033[38;2;159;81;88m11\033[38;2;156;78;87m1\033[38;2;128;87;84m0\033[38;2;170;156;144m0\033[38;2;193;180;167m1\033[38;2;190;176;165m0\033[38;2;198;183;177m1\033[38;2;199;184;179m0\033[38;2;206;193;186m0\033[38;2;199;183;174m0\033[38;2;197;177;170m1\033[38;2;204;183;180m0\033[38;2;195;168;165m0\033[38;2;193;165;162m0\033[38;2;174;133;135m0\033[38;2;122;34;68m1\033[38;2;106;8;56m1\033[38;2;146;27;97m1\033[38;2;168;47;128m0\033[38;2;176;56;139m1\033[38;2;214;113;187m1\033[38;2;212;99;184m1\033[38;2;213;113;183m0\033[38;2;220;146;198m1\033[38;2;225;168;212m1\033[38;2;222;176;214m1\033[38;2;226;193;220m1\033[38;2;218;174;203m0\033[38;2;223;176;209m0\033[38;2;217;162;201m1\033[38;2;180;103;147m1\033[38;2;142;51;96m1\033[38;2;165;15;106m0\033[38;2;230;82;187m0\033[38;2;238;85;201m1\033[38;2;232;47;176m0\033[38;2;232;38;158m0\033[38;2;251;135;204m1\033[38;2;252;146;208m0\033[38;2;251;144;206m0\033[38;2;248;131;195m0\033[38;2;237;73;186m0\033[38;2;238;68;193m1\033[38;2;241;93;203m1\033[38;2;246;119;216m0\033[38;2;241;144;212m0\033[38;2;232;162;212m1\033[38;2;199;138;183m0\033[38;2;106;65;90m0\033[38;2;29;37;17m0\033[38;2;29;47;17m0\033[38;2;32;52;17m1\033[38;2;38;58;10m1\033[38;2;16;25;2m0\033[38;2;7;7;5m1\033[38;2;2;1;2m0\033[38;2;2;2;3m1\033[38;2;4;3;6m0\033[38;2;6;5;7m0\033[38;2;17;12;14m1\033[38;2;42;27;29m0\033[38;2;43;28;31m1\033[38;2;73;46;46m1\033[38;2;108;65;60m0\033[38;2;100;60;54m0\033[38;2;88;52;48m0\033[38;2;71;42;41m1\033[38;2;42;26;27m0\033[38;2;40;25;26m11\033[38;2;42;27;28m0\033[38;2;62;41;39m0\033[38;2;79;51;47m0\033[38;2;87;57;51m0\033[38;2;76;52;47m0\033[38;2;64;45;42m0\033[38;2;33;26;27m1\033[38;2;23;19;22m0\033[38;2;17;16;19m1\033[38;2;12;12;15m1\033[38;2;14;14;17m1\033[38;2;17;17;20m1\033[38;2;24;23;27m0\033[38;2;42;34;38m1\033[38;2;131;90;84m0\033[38;2;183;128;119m1\033[38;2;182;128;119m1\033[38;2;184;131;125m1\033[38;2;182;133;130m0\033[38;2;179;158;180m1\033[38;2;193;197;232m1\033[38;2;194;206;241m0\033[38;2;202;221;251m0\033[38;2;194;216;249m1\033[38;2;189;208;243m1\033[38;2;193;214;245m1\033[38;2;189;207;242m1\033[38;2;180;193;231m0\033[38;2;179;186;223m0\033[38;2;193;209;244m1\033[38;2;191;214;249m0\033[38;2;184;206;245m0\033[38;2;182;198;236m1\033[38;2;182;198;234m0\033[38;2;186;201;236m0\033[38;2;187;199;234m0\033[38;2;183;194;231m0\033[38;2;189;204;239m0\033[38;2;194;215;248m0\033[38;2;184;204;243m0\033[38;2;187;202;238m1\033[38;2;199;212;239m0\033[38;2;202;214;240m0\033[38;2;199;208;238m0\033[38;2;201;208;238m1\033[38;2;203;217;242m0\033[38;2;201;217;244m1\033[38;2;202;223;249m0\033[38;2;206;227;253m0\033[38;2;201;224;252m1\033[38;2;197;221;250m0\033[38;2;194;218;249m1\033[38;2;193;216;249m1\033[38;2;191;215;247m1\033[38;2;191;215;246m1\033[38;2;193;216;246m0\033[38;2;195;221;247m0\033[38;2;199;223;249m1\033[0m\n\
\033[38;2;91;48;37m1\033[38;2;82;41;31m1\033[38;2;124;69;62m0\033[38;2;252;199;190m0\033[38;2;253;206;191m0\033[38;2;249;195;182m1\033[38;2;245;187;176m1\033[38;2;239;179;173m1\033[38;2;235;176;174m1\033[38;2;216;156;162m1\033[38;2;133;79;88m1\033[38;2;46;20;25m0\033[38;2;17;6;9m0\033[38;2;53;35;40m1\033[38;2;109;88;87m1\033[38;2;106;88;78m1\033[38;2;41;34;31m1\033[38;2;60;48;45m1\033[38;2;245;230;194m0\033[38;2;253;238;204m1\033[38;2;231;182;176m1\033[38;2;209;155;162m0\033[38;2;184;133;144m0\033[38;2;174;122;135m0\033[38;2;167;116;127m0\033[38;2;161;109;122m0\033[38;2;158;105;116m1\033[38;2;153;102;111m0\033[38;2;150;99;106m1\033[38;2;149;96;103m0\033[38;2;147;93;100m1\033[38;2;146;91;97m0\033[38;2;146;90;96m00\033[38;2;147;88;96m1\033[38;2;152;90;96m0\033[38;2;153;90;94m1\033[38;2;153;87;93m1\033[38;2;150;84;94m0\033[38;2;147;82;91m1\033[38;2;146;81;90m00\033[38;2;147;81;88m0\033[38;2;152;81;87m0\033[38;2;153;81;87m0\033[38;2;153;79;85m1\033[38;2;155;79;85m1\033[38;2;152;76;84m0\033[38;2;153;76;82m0\033[38;2;147;75;81m1\033[38;2;164;127;122m0\033[38;2;184;173;155m0\033[38;2;177;161;149m1\033[38;2;182;165;156m0\033[38;2;187;171;165m0\033[38;2;193;177;171m0\033[38;2;183;165;159m1\033[38;2;186;167;161m0\033[38;2;183;162;158m0\033[38;2;183;161;156m1\033[38;2;162;136;133m1\033[38;2;146;116;116m0\033[38;2;81;62;58m0\033[38;2;21;7;10m1\033[38;2;22;4;9m0\033[38;2;58;10;27m0\033[38;2;122;7;65m1\033[38;2;189;85;147m0\033[38;2;216;81;183m1\033[38;2;203;46;167m0\033[38;2;213;69;184m0\033[38;2;218;100;203m0\033[38;2;222;158;222m1\033[38;2;222;165;220m1\033[38;2;221;149;210m1\033[38;2;220;144;203m0\033[38;2;216;152;201m0\033[38;2;223;165;210m1\033[38;2;189;102;165m1\033[38;2;198;65;180m1\033[38;2;234;99;232m0\033[38;2;235;114;232m0\033[38;2;213;52;171m0\033[38;2;202;40;133m1\033[38;2;232;105;165m1\033[38;2;231;64;146m0\033[38;2;209;26;119m0\033[38;2;215;26;149m0\033[38;2;223;46;165m1\033[38;2;218;60;167m0\033[38;2;215;73;173m0\033[38;2;217;81;174m0\033[38;2;237;97;194m0\033[38;2;241;93;207m0\033[38;2;235;43;201m1\033[38;2;234;66;210m0\033[38;2;90;79;65m1\033[38;2;17;41;6m1\033[38;2;17;35;9m0\033[38;2;31;54;17m0\033[38;2;84;111;68m0\033[38;2;75;72;72m0\033[38;2;19;10;10m1\033[38;2;5;3;5m1\033[38;2;2;1;3m0\033[38;2;3;3;5m0\033[38;2;17;11;13m0\033[38;2;38;24;25m0\033[38;2;25;17;19m1\033[38;2;24;16;18m1\033[38;2;43;28;28m0\033[38;2;62;40;38m1\033[38;2;46;28;28m0\033[38;2;39;24;25m1\033[38;2;31;21;22m1\033[38;2;23;16;17m1\033[38;2;37;24;25m1\033[38;2;42;27;28m1\033[38;2;41;27;27m0\033[38;2;33;23;24m1\033[38;2;37;25;27m0\033[38;2;26;20;22m1\033[38;2;23;19;21m0\033[38;2;14;13;16m1\033[38;2;10;10;12m1\033[38;2;11;11;14m1\033[38;2;10;10;12m1\033[38;2;12;12;15m1\033[38;2;18;17;21m0\033[38;2;57;41;41m0\033[38;2;136;88;79m0\033[38;2;171;114;103m1\033[38;2;177;120;113m1\033[38;2;182;127;117m1\033[38;2;183;128;122m0\033[38;2;184;130;124m1\033[38;2;168;125;127m1\033[38;2;183;174;202m0\033[38;2;184;180;209m0\033[38;2;194;197;230m0\033[38;2;203;221;250m0\033[38;2;197;218;250m1\033[38;2;194;216;249m1\033[38;2;189;203;239m0\033[38;2;190;208;243m1\033[38;2;177;189;229m0\033[38;2;179;184;223m0\033[38;2;194;209;243m0\033[38;2;195;218;251m0\033[38;2;186;207;245m1\033[38;2;183;202;241m1\033[38;2;186;204;241m1\033[38;2;187;206;241m0\033[38;2;183;198;234m1\033[38;2;183;194;230m1\033[38;2;190;206;240m0\033[38;2;190;213;247m0\033[38;2;189;212;246m0\033[38;2;187;207;243m0\033[38;2;193;207;239m1\033[38;2;198;206;238m1\033[38;2;202;207;238m0\033[38;2;202;213;241m0\033[38;2;201;214;242m0\033[38;2;202;220;248m1\033[38;2;206;228;253m0\033[38;2;202;225;252m1\033[38;2;197;221;250m1\033[38;2;195;220;250m0\033[38;2;194;218;249m0\033[38;2;193;218;247m1\033[38;2;193;217;247m11\033[38;2;194;220;247m0\033[38;2;199;224;249m1\033[0m\n\
\033[38;2;82;41;31m0\033[38;2;81;42;34m0\033[38;2;220;152;146m0\033[38;2;254;208;197m1\033[38;2;249;195;183m1\033[38;2;245;187;177m1\033[38;2;238;179;173m1\033[38;2;230;170;168m0\033[38;2;212;153;161m1\033[38;2;194;136;153m0\033[38;2;195;139;156m1\033[38;2;184;125;141m0\033[38;2;146;88;99m0\033[38;2;138;99;97m0\033[38;2;57;41;40m0\033[38;2;39;30;29m1\033[38;2;20;17;19m0\033[38;2;78;64;64m1\033[38;2;243;214;194m1\033[38;2;243;194;187m0\033[38;2;194;141;152m1\033[38;2;179;128;141m0\033[38;2;171;120;131m1\033[38;2;162;111;122m1\033[38;2;156;105;114m1\033[38;2;152;102;109m0\033[38;2;150;97;105m0\033[38;2;147;94;102m1\033[38;2;146;93;99m1\033[38;2;144;90;96m1\033[38;2;142;88;94m0\033[38;2;141;87;93m1\033[38;2;141;85;91m1\033[38;2;141;84;90m1\033[38;2;139;82;90m0\033[38;2;139;81;88m0\033[38;2;138;79;87m0\033[38;2;136;78;85m0\033[38;2;136;76;84m1\033[38;2;135;75;82m1\033[38;2;133;75;82m0\033[38;2;131;73;81m1\033[38;2;131;72;79m0\033[38;2;133;72;79m0\033[38;2;131;71;79m0\033[38;2;133;71;78m0\033[38;2;135;71;76m1\033[38;2;131;69;75m1\033[38;2;133;69;75m1\033[38;2;136;69;75m0\033[38;2;130;69;73m1\033[38;2;153;124;114m0\033[38;2;168;153;139m1\033[38;2;168;152;139m0\033[38;2;179;162;155m0\033[38;2;170;153;147m0\033[38;2;177;161;153m0\033[38;2;177;159;153m1\033[38;2;171;152;146m1\033[38;2;159;138;133m1\033[38;2;149;125;122m1\033[38;2;159;139;141m0\033[38;2;152;135;136m1\033[38;2;139;125;125m0\033[38;2;103;88;87m1\033[38;2;22;13;12m1\033[38;2;26;6;10m1\033[38;2;64;17;30m1\033[38;2;176;102;127m0\033[38;2;174;35;136m1\033[38;2;203;66;174m1\033[38;2;209;65;184m0\033[38;2;217;90;209m0\033[38;2;218;122;218m0\033[38;2;215;125;210m1\033[38;2;213;124;198m1\033[38;2;213;130;198m0\033[38;2;217;135;204m0\033[38;2;214;105;199m1\033[38;2;203;91;187m1\033[38;2;155;48;130m1\033[38;2;133;23;93m0\033[38;2;103;6;47m1\033[38;2;133;12;68m0\033[38;2;139;8;64m0\033[38;2;127;2;45m0\033[38;2;155;5;73m1\033[38;2;183;19;116m1\033[38;2;180;21;114m0\033[38;2;182;22;117m1\033[38;2;186;22;124m1\033[38;2;193;25;131m1\033[38;2;204;49;152m1\033[38;2;206;56;161m0\033[38;2;206;46;162m0\033[38;2;238;144;206m1\033[38;2;227;171;203m0\033[38;2;167;124;149m0\033[38;2;117;105;116m1\033[38;2;109;113;136m1\033[38;2;108;108;142m1\033[38;2;47;33;41m1\033[38;2;43;24;23m1\033[38;2;47;26;24m0\033[38;2;20;10;11m1\033[38;2;4;2;4m1\033[38;2;3;2;4m1\033[38;2;9;6;8m1\033[38;2;14;10;12m1\033[38;2;12;9;10m1\033[38;2;16;12;13m0\033[38;2;24;17;17m0\033[38;2;30;20;21m0\033[38;2;21;14;15m0\033[38;2;14;10;12m1\033[38;2;10;9;10m0\033[38;2;14;11;13m1\033[38;2;23;16;17m1\033[38;2;28;20;21m0\033[38;2;22;16;18m1\033[38;2;14;12;14m0\033[38;2;10;10;12m0\033[38;2;10;9;12m0\033[38;2;8;8;10m0\033[38;2;5;6;8m0\033[38;2;6;7;10m0\033[38;2;12;11;14m1\033[38;2;42;31;32m1\033[38;2;109;69;62m0\033[38;2;158;99;87m0\033[38;2;165;106;93m0\033[38;2;171;114;102m1\033[38;2;176;119;108m0\033[38;2;180;124;116m0\033[38;2;182;128;120m0\033[38;2;183;130;122m1\033[38;2;171;122;116m1\033[38;2;183;170;195m0\033[38;2;186;183;210m1\033[38;2;187;184;213m1\033[38;2;197;210;242m0\033[38;2;204;224;252m1\033[38;2;198;220;251m1\033[38;2;193;212;246m1\033[38;2;186;202;238m0\033[38;2;189;207;243m1\033[38;2;176;186;225m1\033[38;2;184;190;228m0\033[38;2;197;215;248m0\033[38;2;191;216;250m1\033[38;2;183;208;246m0\033[38;2;186;210;247m1\033[38;2;191;215;249m1\033[38;2;186;207;244m1\033[38;2;183;198;235m0\033[38;2;184;198;233m0\033[38;2;187;207;241m0\033[38;2;191;216;247m1\033[38;2;191;216;249m0\033[38;2;191;214;247m0\033[38;2;194;213;245m1\033[38;2;198;212;242m1\033[38;2;201;209;239m01\033[38;2;201;216;245m1\033[38;2;206;227;252m1\033[38;2;206;228;253m0\033[38;2;198;221;251m0\033[38;2;195;218;250m1\033[38;2;194;218;249m0\033[38;2;193;217;248m1\033[38;2;193;217;247m10\033[38;2;194;218;247m1\033[38;2;197;222;248m1\033[0m\n\
\033[38;2;69;35;26m0\033[38;2;142;85;78m1\033[38;2;254;206;195m1\033[38;2;251;198;186m0\033[38;2;245;187;179m0\033[38;2;238;177;173m1\033[38;2;228;168;168m1\033[38;2;212;155;162m1\033[38;2;191;136;152m0\033[38;2;184;130;147m1\033[38;2;184;127;146m0\033[38;2;186;127;144m1\033[38;2;198;130;147m1\033[38;2;199;124;139m1\033[38;2;173;99;106m0\033[38;2;142;82;85m1\033[38;2;103;69;68m1\033[38;2;150;106;105m1\033[38;2;232;173;174m1\033[38;2;194;138;149m0\033[38;2;173;122;135m1\033[38;2;165;114;125m1\033[38;2;159;108;116m1\033[38;2;153;102;109m0\033[38;2;149;99;103m0\033[38;2;147;94;100m1\033[38;2;146;91;97m0\033[38;2;142;90;94m1\033[38;2;141;87;93m1\033[38;2;139;85;91m1\033[38;2;138;84;90m1\033[38;2;136;82;88m1\033[38;2;133;81;85m1\033[38;2;131;79;84m1\033[38;2;131;76;82m1\033[38;2;131;75;82m0\033[38;2;130;73;79m0\033[38;2;128;72;78m10\033[38;2;128;71;78m1\033[38;2;128;69;76m00\033[38;2;127;68;75m10\033[38;2;125;66;73m0\033[38;2;124;65;73m1\033[38;2;124;65;72m0\033[38;2;122;64;72m0\033[38;2;122;64;71m1\033[38;2;120;64;71m1\033[38;2;120;62;69m0\033[38;2;116;61;66m0\033[38;2;131;100;97m1\033[38;2;156;136;125m0\033[38;2;165;146;136m0\033[38;2;165;146;139m1\033[38;2;159;139;133m1\033[38;2;162;141;136m0\033[38;2;161;141;136m1\033[38;2;156;135;131m1\033[38;2;155;135;131m0\033[38;2;152;130;127m0\033[38;2;130;109;103m1\033[38;2;93;75;69m1\033[38;2;61;46;43m0\033[38;2;15;8;7m1\033[38;2;10;6;4m10\033[38;2;22;6;9m0\033[38;2;58;7;29m1\033[38;2;90;13;52m1\033[38;2;133;38;93m0\033[38;2;168;69;130m1\033[38;2;191;93;153m1\033[38;2;203;109;167m0\033[38;2;197;103;165m1\033[38;2;197;119;170m1\033[38;2;190;117;165m1\033[38;2;182;108;156m1\033[38;2;174;109;150m0\033[38;2;147;90;120m0\033[38;2;56;26;34m0\033[38;2;16;4;5m1\033[38;2;26;3;8m0\033[38;2;76;5;27m1\033[38;2;136;10;69m1\033[38;2;139;9;73m1\033[38;2;149;10;81m1\033[38;2;153;9;85m1\033[38;2;156;15;91m1\033[38;2;158;19;94m0\033[38;2;167;25;100m1\033[38;2;182;34;116m1\033[38;2;189;45;133m1\033[38;2;202;66;158m0\033[38;2;208;61;162m0\033[38;2;217;81;183m1\033[38;2;232;122;214m1\033[38;2;237;152;223m0\033[38;2;217;159;203m0\033[38;2;122;100;122m0\033[38;2;40;28;32m1\033[38;2;41;23;22m0\033[38;2;53;29;27m1\033[38;2;64;33;29m1\033[38;2;56;28;25m1\033[38;2;26;14;14m1\033[38;2;9;6;8m1\033[38;2;3;3;4m0\033[38;2;3;3;5m0\033[38;2;8;8;9m0\033[38;2;6;6;8m10\033[38;2;6;6;7m0\033[38;2;6;5;7m0\033[38;2;6;6;8m0\033[38;2;6;6;7m1\033[38;2;8;6;9m0\033[38;2;9;8;10m0\033[38;2;6;6;8m0\033[38;2;3;4;6m0\033[38;2;5;6;8m1\033[38;2;4;4;6m0\033[38;2;6;6;8m1\033[38;2;16;13;14m1\033[38;2;45;30;29m0\033[38;2;103;62;56m0\033[38;2;152;93;79m1\033[38;2;162;100;85m1\033[38;2;164;102;87m0\033[38;2;167;106;93m0\033[38;2;171;113;99m1\033[38;2;177;117;106m0\033[38;2;180;124;113m1\033[38;2;183;127;117m0\033[38;2;182;127;119m1\033[38;2;170;120;111m1\033[38;2;180;170;193m1\033[38;2;187;187;215m0\033[38;2;186;184;214m0\033[38;2;194;207;238m0\033[38;2;203;223;250m0\033[38;2;203;224;252m0\033[38;2;198;217;248m0\033[38;2;184;198;235m0\033[38;2;197;212;245m0\033[38;2;184;198;237m0\033[38;2;179;186;223m0\033[38;2;183;190;225m0\033[38;2;187;204;239m1\033[38;2;187;209;245m0\033[38;2;191;215;249m0\033[38;2;197;221;250m1\033[38;2;191;215;249m1\033[38;2;184;204;242m1\033[38;2;184;199;235m0\033[38;2;186;201;234m1\033[38;2;187;204;238m1\033[38;2;190;209;241m0\033[38;2;191;212;244m1\033[38;2;194;214;246m0\033[38;2;197;215;245m0\033[38;2;197;210;241m1\033[38;2;198;208;238m0\033[38;2;198;210;239m1\033[38;2;202;222;248m1\033[38;2;207;230;253m1\033[38;2;202;226;252m1\033[38;2;197;221;250m1\033[38;2;195;220;249m0\033[38;2;194;218;248m0\033[38;2;195;220;248m1\033[38;2;194;220;248m01\033[38;2;195;220;248m0\033[0m\n\
\033[38;2;76;40;32m1\033[38;2;232;167;159m1\033[38;2;253;206;193m1\033[38;2;245;189;179m1\033[38;2;238;177;174m0\033[38;2;228;167;168m0\033[38;2;212;155;162m1\033[38;2;193;138;153m0\033[38;2;183;128;147m1\033[38;2;180;125;146m1\033[38;2;180;124;142m0\033[38;2;184;124;141m0\033[38;2;193;122;139m1\033[38;2;201;124;138m0\033[38;2;214;127;138m1\033[38;2;222;128;138m0\033[38;2;237;159;159m1\033[38;2;233;173;171m0\033[38;2;184;130;141m1\033[38;2;167;116;127m0\033[38;2;161;109;119m1\033[38;2;153;102;109m1\033[38;2;147;96;102m0\033[38;2;142;93;97m0\033[38;2;141;90;94m1\033[38;2;139;87;93m1\033[38;2;138;84;90m0\033[38;2;136;82;88m1\033[38;2;133;81;87m1\033[38;2;131;79;84m1\033[38;2;130;78;82m0\033[38;2;128;76;82m1\033[38;2;128;75;81m0\033[38;2;127;73;78m1\033[38;2;125;72;75m1\033[38;2;125;71;73m1\033[38;2;125;71;72m0\033[38;2;124;69;69m0\033[38;2;124;68;72m0\033[38;2;125;66;73m0\033[38;2;124;65;72m01\033[38;2;122;64;71m11\033[38;2;120;64;71m1\033[38;2;120;62;69m0\033[38;2;119;61;69m0\033[38;2;119;61;68m11\033[38;2;117;61;68m0\033[38;2;119;61;68m00\033[38;2;111;58;64m0\033[38;2;94;66;61m1\033[38;2;96;78;65m1\033[38;2;116;96;84m0\033[38;2;133;111;100m1\033[38;2;114;93;82m0\033[38;2;100;78;68m1\033[38;2;100;75;65m1\033[38;2;91;66;57m0\033[38;2;56;40;31m1\033[38;2;21;14;9m1\033[38;2;14;9;6m0\033[38;2;29;16;13m0\033[38;2;18;10;8m1\033[38;2;14;8;5m1\033[38;2;16;8;6m0\033[38;2;5;2;1m0\033[38;2;2;1;0m1\033[38;2;2;1;1m1\033[38;2;8;2;3m0\033[38;2;5;2;2m1\033[38;2;16;8;10m1\033[38;2;65;38;53m1\033[38;2;128;78;109m0\033[38;2;153;87;130m0\033[38;2;161;102;133m1\033[38;2;138;88;108m1\033[38;2;39;21;24m0\033[38;2;17;9;9m1\033[38;2;12;6;5m11\033[38;2;6;3;2m0\033[38;2;11;3;4m1\033[38;2;52;6;24m0\033[38;2;84;8;41m1\033[38;2;85;6;39m0\033[38;2;97;5;42m0\033[38;2;108;5;46m1\033[38;2;127;7;54m1\033[38;2;153;12;75m0\033[38;2;176;20;100m1\033[38;2;194;38;136m1\033[38;2;198;24;147m1\033[38;2;204;39;152m1\033[38;2;217;75;174m0\033[38;2;215;105;182m0\033[38;2;159;88;133m1\033[38;2;167;85;139m0\033[38;2;152;96;133m1\033[38;2;57;47;53m1\033[38;2;32;17;16m1\033[38;2;49;26;25m1\033[38;2;61;31;28m1\033[38;2;72;35;31m1\033[38;2;81;40;34m0\033[38;2;79;39;33m1\033[38;2;61;30;27m1\033[38;2;42;22;19m1\033[38;2;23;12;13m0\033[38;2;12;8;9m1\033[38;2;8;6;7m1\033[38;2;5;4;6m1\033[38;2;4;4;6m11\033[38;2;5;4;6m0\033[38;2;5;5;6m0\033[38;2;6;5;6m0\033[38;2;9;7;9m0\033[38;2;14;10;11m1\033[38;2;28;17;17m1\033[38;2;52;30;28m0\033[38;2;90;52;46m1\033[38;2;130;75;64m0\033[38;2;152;90;73m1\033[38;2;158;94;79m1\033[38;2;158;96;79m0\033[38;2;159;97;82m0\033[38;2;164;102;85m1\033[38;2;167;106;90m1\033[38;2;171;113;97m0\033[38;2;177;117;105m1\033[38;2;180;124;113m0\033[38;2;182;125;116m1\033[38;2;180;124;114m1\033[38;2;162;116;106m0\033[38;2;182;176;201m1\033[38;2;182;180;208m1\033[38;2;190;194;227m0\033[38;2;198;213;244m1\033[38;2;203;222;249m1\033[38;2;204;223;250m1\033[38;2;197;216;247m1\033[38;2;183;197;233m0\033[38;2;195;208;242m1\033[38;2;195;212;245m1\033[38;2;182;197;234m1\033[38;2;180;190;226m1\033[38;2;182;189;222m0\033[38;2;187;198;232m0\033[38;2;191;210;244m0\033[38;2;198;221;250m0\033[38;2;194;218;250m1\033[38;2;186;209;246m0\033[38;2;184;202;238m1\033[38;2;187;199;232m0\033[38;2;189;199;231m1\033[38;2;190;199;230m0\033[38;2;191;201;231m1\033[38;2;191;203;235m0\033[38;2;193;208;240m0\033[38;2;195;212;243m0\033[38;2;197;212;241m1\033[38;2;197;208;238m1\033[38;2;199;215;242m1\033[38;2;204;227;251m1\033[38;2;206;230;253m1\033[38;2;201;223;251m1\033[38;2;197;221;249m0\033[38;2;195;220;248m0\033[38;2;195;220;249m1\033[38;2;197;222;249m0\033[38;2;199;223;249m1\033[38;2;199;224;250m1\033[0m\n\
\033[38;2;173;109;100m1\033[38;2;253;206;194m0\033[38;2;247;190;182m0\033[38;2;238;177;174m1\033[38;2;228;167;168m1\033[38;2;214;155;164m1\033[38;2;193;138;155m0\033[38;2;182;130;147m1\033[38;2;179;125;144m1\033[38;2;180;124;142m0\033[38;2;182;124;141m0\033[38;2;187;122;139m1\033[38;2;197;122;138m1\033[38;2;204;120;135m0\033[38;2;208;120;131m1\033[38;2;230;152;156m0\033[38;2;221;159;161m0\033[38;2;173;122;130m0\033[38;2;161;109;119m1\033[38;2;153;102;109m1\033[38;2;147;96;102m0\033[38;2;142;91;96m1\033[38;2;138;87;91m1\033[38;2;136;84;90m1\033[38;2;135;82;87m0\033[38;2;133;79;84m0\033[38;2;130;78;79m0\033[38;2;128;76;78m1\033[38;2;127;75;76m0\033[38;2;125;73;75m1\033[38;2;125;72;73m0\033[38;2;124;71;72m1\033[38;2;122;69;71m1\033[38;2;122;68;68m1\033[38;2;120;66;66m00\033[38;2;119;65;65m0\033[38;2;120;64;66m0\033[38;2;120;62;68m1\033[38;2;119;62;68m0\033[38;2;119;61;68m1\033[38;2;117;61;68m0\033[38;2;117;60;66m11\033[38;2;116;60;66m1\033[38;2;116;58;66m0\033[38;2;116;60;66m1\033[38;2;117;60;66m111100\033[38;2;99;51;54m0\033[38;2;27;15;13m1\033[38;2;8;6;3m0\033[38;2;26;19;14m0\033[38;2;29;17;14m1\033[38;2;54;35;30m0\033[38;2;71;51;41m1\033[38;2;35;27;17m0\033[38;2;20;16;10m1\033[38;2;20;13;9m0\033[38;2;33;21;16m0\033[38;2;47;29;23m0\033[38;2;38;23;17m0\033[38;2;42;27;17m1\033[38;2;32;19;11m1\033[38;2;3;1;1m0\033[38;2;6;2;2m00\033[38;2;1;0;0m1\033[38;2;0;0;0m111\033[38;2;2;0;1m1\033[38;2;61;10;43m1\033[38;2;100;35;71m0\033[38;2;64;25;39m1\033[38;2;12;6;5m0\033[38;2;7;3;2m1\033[38;2;9;4;3m1\033[38;2;10;5;4m1\033[38;2;12;6;6m0\033[38;2;8;3;3m0\033[38;2;9;3;4m0\033[38;2;19;5;8m1\033[38;2;37;2;13m0\033[38;2;68;3;25m0\033[38;2;88;4;34m1\033[38;2;120;14;57m0\033[38;2;130;17;65m1\033[38;2;124;10;62m1\033[38;2;153;46;106m0\033[38;2;212;96;198m1\033[38;2;228;96;216m0\033[38;2;231;133;215m1\033[38;2;229;127;213m1\033[38;2;209;135;186m1\033[38;2;179;124;161m0\033[38;2;176;103;164m0\033[38;2;127;91;122m1\033[38;2;40;27;28m1\033[38;2;37;18;17m0\033[38;2;54;28;26m0\033[38;2;68;33;30m1\033[38;2;79;39;33m0\033[38;2;88;43;37m1\033[38;2;97;47;40m0\033[38;2;102;51;42m1\033[38;2;105;52;42m0\033[38;2;102;49;40m1\033[38;2;96;47;38m1\033[38;2;84;41;33m1\033[38;2;79;39;31m0\033[38;2;82;40;32m1\033[38;2;84;41;33m10\033[38;2;91;46;37m1\033[38;2;105;53;42m1\033[38;2;119;60;48m1\033[38;2;131;69;56m1\033[38;2;141;78;62m1\033[38;2;147;84;68m0\033[38;2;150;87;72m0\033[38;2;152;90;73m1\033[38;2;155;91;76m1\033[38;2;156;94;78m1\033[38;2;159;96;81m1\033[38;2;162;100;85m0\033[38;2;167;106;90m1\033[38;2;171;111;96m1\033[38;2;174;116;102m0\033[38;2;177;120;108m1\033[38;2;177;122;111m1\033[38;2;159;108;96m0\033[38;2;136;105;105m0\033[38;2;183;177;204m0\033[38;2;183;183;213m0\033[38;2;194;207;239m0\033[38;2;202;218;247m0\033[38;2;204;223;249m0\033[38;2;202;222;249m0\033[38;2;194;215;246m0\033[38;2;184;197;232m1\033[38;2;191;203;237m1\033[38;2;202;218;247m0\033[38;2;187;208;243m1\033[38;2;183;201;237m1\033[38;2;180;191;227m1\033[38;2;184;191;225m0\033[38;2;190;202;235m0\033[38;2;198;216;247m0\033[38;2;199;222;251m0\033[38;2;191;216;249m1\033[38;2;186;208;243m0\033[38;2;187;202;237m0\033[38;2;189;201;234m0\033[38;2;190;202;233m0\033[38;2;193;201;231m1\033[38;2;194;201;230m0\033[38;2;194;201;232m1\033[38;2;195;203;234m1\033[38;2;197;206;236m1\033[38;2;198;206;235m0\033[38;2;199;208;237m0\033[38;2;203;221;246m0\033[38;2;207;229;253m1\033[38;2;202;226;252m0\033[38;2;198;221;249m1\033[38;2;197;218;247m1\033[38;2;195;218;247m0\033[38;2;195;220;247m0\033[38;2;197;222;249m1\033[38;2;199;223;249m1\033[0m\n\
\033[38;2;247;191;180m1\033[38;2;249;197;189m1\033[38;2;239;180;176m1\033[38;2;228;167;168m1\033[38;2;213;156;164m1\033[38;2;194;139;156m0\033[38;2;180;128;149m1\033[38;2;179;127;146m0\033[38;2;180;124;142m1\033[38;2;182;124;141m0\033[38;2;186;124;139m0\033[38;2;191;122;138m1\033[38;2;199;120;136m0\033[38;2;204;119;133m0\033[38;2;224;147;152m1\033[38;2;207;146;150m0\033[38;2;164;114;122m0\033[38;2;153;103;109m1\033[38;2;147;96;100m1\033[38;2;141;90;94m0\033[38;2;138;85;91m0\033[38;2;135;82;87m0\033[38;2;131;79;84m0\033[38;2;128;76;78m0\033[38;2;127;73;73m0\033[38;2;125;72;71m1\033[38;2;124;69;69m0\033[38;2;122;68;68m1\033[38;2;119;66;66m1\033[38;2;119;65;65m01\033[38;2;117;64;64m1\033[38;2;116;62;62m11\033[38;2;114;61;61m01\033[38;2;113;60;62m1\033[38;2;113;58;65m100\033[38;2;114;58;65m00\033[38;2;114;57;64m1011\033[38;2;114;58;65m0\033[38;2;116;58;65m0\033[38;2;117;60;66m001\033[38;2;116;58;66m0\033[38;2;116;60;65m0\033[38;2;117;61;68m0\033[38;2;100;51;56m0\033[38;2;37;22;21m1\033[38;2;46;32;28m1\033[38;2;31;18;14m1\033[38;2;38;28;19m0\033[38;2;25;21;12m1\033[38;2;27;18;12m0\033[38;2;58;33;27m1\033[38;2;75;43;37m0\033[38;2;57;33;28m1\033[38;2;27;16;14m0\033[38;2;17;10;9m1\033[38;2;6;3;3m1\033[38;2;3;1;1m1\033[38;2;6;2;2m0\033[38;2;3;1;1m1\033[38;2;0;0;0m001001\033[38;2;12;2;6m1\033[38;2;34;14;18m1\033[38;2;23;14;10m0\033[38;2;17;10;8m0\033[38;2;41;17;18m0\033[38;2;100;49;53m1\033[38;2;91;47;48m1\033[38;2;93;49;53m1\033[38;2;96;51;58m1\033[38;2;114;62;78m0\033[38;2;76;31;48m1\033[38;2;31;0;10m0\033[38;2;71;6;32m0\033[38;2;85;12;39m0\033[38;2;91;20;46m1\033[38;2;116;41;69m0\033[38;2;111;21;62m0\033[38;2;135;29;87m1\033[38;2;167;51;124m0\033[38;2;202;102;176m1\033[38;2;217;150;201m1\033[38;2;215;146;208m0\033[38;2;202;159;201m0\033[38;2;168;147;173m1\033[38;2;130;114;133m1\033[38;2;111;100;120m1\033[38;2;91;78;91m0\033[38;2;29;14;13m0\033[38;2;41;21;20m1\033[38;2;57;29;26m1\033[38;2;73;37;32m1\033[38;2;87;42;37m1\033[38;2;96;47;40m0\033[38;2;102;49;42m0\033[38;2;108;53;45m0\033[38;2;114;57;47m1\033[38;2;119;60;48m0\033[38;2;122;61;49m1\033[38;2;120;60;47m11\033[38;2;122;61;47m0\033[38;2;127;62;49m1\033[38;2;130;65;52m0\033[38;2;135;68;56m0\033[38;2;135;72;58m1\033[38;2;138;76;62m0\033[38;2;142;81;65m0\033[38;2;146;84;69m0\033[38;2;149;87;71m1\033[38;2;150;88;72m1\033[38;2;152;90;75m0\033[38;2;155;91;76m0\033[38;2;156;94;78m0\033[38;2;159;99;82m1\033[38;2;164;105;88m0\033[38;2;167;108;93m0\033[38;2;167;109;96m0\033[38;2;164;108;96m0\033[38;2;146;96;85m1\033[38;2;99;64;53m0\033[38;2;149;136;150m1\033[38;2;180;176;203m1\033[38;2;190;199;232m0\033[38;2;198;216;245m0\033[38;2;203;222;249m0\033[38;2;202;221;249m0\033[38;2;198;220;248m1\033[38;2;190;209;243m0\033[38;2;184;195;232m0\033[38;2;187;197;232m0\033[38;2;199;217;246m1\033[38;2;191;215;247m0\033[38;2;186;207;242m0\033[38;2;183;199;235m0\033[38;2;182;193;228m0\033[38;2;184;194;228m1\033[38;2;194;207;239m0\033[38;2;201;220;249m0\033[38;2;198;222;251m1\033[38;2;191;215;248m0\033[38;2;187;208;242m0\033[38;2;187;203;238m0\033[38;2;189;203;237m1\033[38;2;191;203;236m0\033[38;2;191;202;234m1\033[38;2;194;202;232m0\033[38;2;195;202;232m0\033[38;2;197;202;232m0\033[38;2;198;203;232m0\033[38;2;198;202;231m1\033[38;2;201;209;237m1\033[38;2;206;224;249m1\033[38;2;207;229;253m1\033[38;2;201;223;251m0\033[38;2;197;220;247m0\033[38;2;197;218;246m0\033[38;2;197;217;246m1\033[38;2;197;220;247m0\033[38;2;199;223;249m0\033[0m\n\
\033[38;2;251;199;189m1\033[38;2;241;183;177m1\033[38;2;228;170;170m0\033[38;2;213;156;164m0\033[38;2;194;141;156m0\033[38;2;182;130;149m1\033[38;2;179;127;146m0\033[38;2;179;125;144m0\033[38;2;182;124;141m1\033[38;2;184;122;139m1\033[38;2;190;122;138m1\033[38;2;195;119;135m1\033[38;2;199;117;133m0\033[38;2;214;136;147m1\033[38;2;193;131;141m0\033[38;2;155;103;111m1\033[38;2;147;94;100m0\033[38;2;141;88;93m1\033[38;2;136;84;88m1\033[38;2;131;79;85m1\033[38;2;128;75;81m1\033[38;2;127;72;78m1\033[38;2;122;69;75m0\033[38;2;119;66;69m1\033[38;2;117;64;65m1\033[38;2;116;62;64m1\033[38;2;114;61;61m0\033[38;2;113;60;60m0\033[38;2;111;60;60m0\033[38;2;111;58;58m00110\033[38;2;111;57;58m0\033[38;2;111;58;58m0\033[38;2;111;57;62m10\033[38;2;111;57;64m011\033[38;2;113;58;64m10\033[38;2;114;58;65m001\033[38;2;116;60;66m00\033[38;2;119;61;68m1\033[38;2;122;64;71m1\033[38;2;124;65;72m1\033[38;2;124;64;72m1\033[38;2;125;66;73m0\033[38;2;127;66;73m1\033[38;2;130;69;78m1\033[38;2;113;61;69m0\033[38;2;52;37;31m0\033[38;2;25;20;12m1\033[38;2;15;13;8m0\033[38;2;9;5;4m1\033[38;2;10;4;4m1\033[38;2;21;10;10m1\033[38;2;23;11;10m0\033[38;2;40;22;20m1\033[38;2;1;0;0m1\033[38;2;0;0;0m0\033[38;2;1;1;0m1\033[38;2;5;2;2m1\033[38;2;2;1;1m1\033[38;2;0;0;0m110011\033[38;2;4;3;2m1\033[38;2;17;15;8m0\033[38;2;26;22;12m1\033[38;2;13;10;6m1\033[38;2;14;6;6m0\033[38;2;57;20;27m1\033[38;2;75;28;39m0\033[38;2;90;35;51m0\033[38;2;97;40;58m1\033[38;2;96;43;64m0\033[38;2;69;31;47m0\033[38;2;33;11;21m1\033[38;2;26;6;17m0\033[38;2;29;7;21m1\033[38;2;28;8;20m0\033[38;2;21;4;18m0\033[38;2;65;29;54m1\033[38;2;144;73;103m1\033[38;2;139;39;91m1\033[38;2;147;41;106m1\033[38;2;165;57;133m0\033[38;2;193;88;164m0\033[38;2;198;114;183m1\033[38;2;197;133;194m0\033[38;2;198;168;203m1\033[38;2;155;139;164m0\033[38;2;120;111;133m1\033[38;2;128;117;141m0\033[38;2;69;51;57m1\033[38;2;34;15;14m1\033[38;2;46;22;21m0\033[38;2;57;28;25m0\033[38;2;73;35;30m1\033[38;2;88;42;37m0\033[38;2;97;48;41m0\033[38;2;105;52;45m1\033[38;2;113;57;47m1\033[38;2;119;61;49m1\033[38;2;125;65;53m1\033[38;2;128;66;54m0\033[38;2;130;69;54m0\033[38;2;131;71;57m0\033[38;2;135;72;58m1\033[38;2;138;73;60m0\033[38;2;139;75;61m0\033[38;2;139;76;62m0\033[38;2;141;79;65m0\033[38;2;144;81;66m0\033[38;2;144;82;68m0\033[38;2;146;82;68m1\033[38;2;147;84;69m0\033[38;2;147;85;71m0\033[38;2;150;88;73m0\033[38;2;152;91;76m1\033[38;2;155;96;81m0\033[38;2;156;99;85m0\033[38;2;155;99;85m1\033[38;2;149;96;85m0\033[38;2;136;87;78m1\033[38;2;103;64;56m1\033[38;2;133;117;131m0\033[38;2;180;176;206m1\033[38;2;182;182;213m0\033[38;2;195;212;243m1\033[38;2;202;222;249m0\033[38;2;201;221;248m0\033[38;2;199;220;248m1\033[38;2;197;218;247m1\033[38;2;187;206;241m0\033[38;2;183;195;232m1\033[38;2;183;193;229m0\033[38;2;194;212;244m0\033[38;2;195;220;249m1\033[38;2;186;210;245m0\033[38;2;186;206;241m0\033[38;2;183;198;234m0\033[38;2;182;193;227m1\033[38;2;187;197;231m1\033[38;2;195;212;243m1\033[38;2;201;222;250m0\033[38;2;197;220;250m0\033[38;2;190;213;246m1\033[38;2;187;207;241m1\033[38;2;189;206;239m0\033[38;2;189;204;238m0\033[38;2;190;204;238m1\033[38;2;191;204;237m1\033[38;2;193;204;237m1\033[38;2;194;206;237m0\033[38;2;199;210;239m0\033[38;2;199;207;235m1\033[38;2;198;203;231m1\033[38;2;202;214;241m1\033[38;2;206;227;251m1\033[38;2;206;228;253m0\033[38;2;199;224;250m1\033[38;2;197;218;246m1\033[38;2;198;217;245m1\033[38;2;198;218;245m1\033[38;2;199;221;247m0\033[0m\n\
\033[38;2;243;186;177m0\033[38;2;229;171;170m1\033[38;2;212;158;164m1\033[38;2;194;141;156m0\033[38;2;183;131;149m1\033[38;2;179;127;146m0\033[38;2;179;127;144m1\033[38;2;179;124;142m0\033[38;2;180;122;139m1\033[38;2;186;120;136m0\033[38;2;191;116;131m1\033[38;2;195;114;130m1\033[38;2;202;125;138m1\033[38;2;174;114;124m1\033[38;2;144;91;99m1\033[38;2;136;84;88m1\033[38;2;130;76;82m0\033[38;2;125;71;76m0\033[38;2;120;66;72m0\033[38;2;117;64;69m0\033[38;2;116;62;68m1\033[38;2;114;60;65m1\033[38;2;111;58;64m0\033[38;2;109;58;64m1\033[38;2;108;57;62m10\033[38;2;106;57;61m00\033[38;2;108;57;61m01\033[38;2;109;57;61m0\033[38;2;109;58;62m0\033[38;2;109;58;61m1\033[38;2;109;58;62m11\033[38;2;111;58;62m0\033[38;2;111;58;64m0\033[38;2;111;60;65m01\033[38;2;113;60;65m11\033[38;2;114;60;65m1\033[38;2;114;60;66m11\033[38;2;114;61;66m1\033[38;2;116;61;66m10\033[38;2;117;62;68m0\033[38;2;120;65;72m0\033[38;2;127;69;78m1\033[38;2;131;72;81m1\033[38;2;131;73;81m0\033[38;2;138;76;85m0\033[38;2;142;79;90m1\033[38;2;146;82;93m1\033[38;2;149;82;96m1\033[38;2;61;34;35m0\033[38;2;10;9;6m1\033[38;2;23;18;17m0\033[38;2;24;19;18m1\033[38;2;8;5;5m0\033[38;2;4;2;2m0\033[38;2;6;3;3m1\033[38;2;6;4;4m0\033[38;2;1;0;0m1\033[38;2;2;1;1m1\033[38;2;3;2;2m1\033[38;2;1;0;0m0\033[38;2;0;0;0m01111\033[38;2;1;1;0m1\033[38;2;8;8;4m0\033[38;2;20;18;10m1\033[38;2;13;11;6m0\033[38;2;5;3;2m1\033[38;2;3;2;2m1\033[38;2;3;2;1m0\033[38;2;2;1;1m1\033[38;2;4;1;2m0\033[38;2;14;1;6m1\033[38;2;13;1;8m1\033[38;2;9;2;7m0\033[38;2;11;3;10m1\033[38;2;16;4;16m1\033[38;2;17;5;20m1\033[38;2;21;6;24m1\033[38;2;27;7;32m0\033[38;2;35;10;43m0\033[38;2;46;14;57m1\033[38;2;119;68;106m0\033[38;2;147;111;130m1\033[38;2;97;81;100m1\033[38;2;100;81;108m1\033[38;2;136;99;138m1\033[38;2;152;119;155m0\033[38;2;133;117;149m1\033[38;2;149;136;167m1\033[38;2;164;152;180m1\033[38;2;138;128;155m1\033[38;2;130;120;147m0\033[38;2;135;124;149m0\033[38;2;73;49;54m1\033[38;2;47;20;19m1\033[38;2;54;24;23m1\033[38;2;62;29;25m1\033[38;2;73;35;30m1\033[38;2;84;41;34m0\033[38;2;93;46;39m0\033[38;2;102;52;43m0\033[38;2;113;58;49m0\033[38;2;122;65;54m0\033[38;2;130;71;60m1\033[38;2;136;76;64m0\033[38;2;141;81;66m1\033[38;2;144;82;68m1111\033[38;2;142;81;69m10111\033[38;2;142;82;69m1\033[38;2;144;85;72m0\033[38;2;146;88;76m1\033[38;2;147;91;79m0\033[38;2;146;91;81m0\033[38;2;141;88;79m1\033[38;2;130;82;75m1\033[38;2;108;65;58m0\033[38;2;146;131;144m1\033[38;2;198;216;245m0\033[38;2;180;183;220m1\033[38;2;189;195;230m1\033[38;2;199;218;246m1\033[38;2;202;222;249m0\033[38;2;202;222;248m0\033[38;2;201;221;248m1\033[38;2;193;213;245m0\033[38;2;186;202;238m0\033[38;2;183;197;232m0\033[38;2;180;190;228m0\033[38;2;191;206;240m1\033[38;2;199;223;250m1\033[38;2;190;214;248m0\033[38;2;186;209;244m0\033[38;2;184;203;238m0\033[38;2;183;197;232m1\033[38;2;183;194;227m1\033[38;2;189;201;234m1\033[38;2;197;216;246m1\033[38;2;201;223;252m0\033[38;2;195;218;250m1\033[38;2;190;212;245m0\033[38;2;187;208;241m0\033[38;2;189;207;240m1\033[38;2;189;206;238m1\033[38;2;191;207;239m1\033[38;2;193;208;240m0\033[38;2;194;210;240m1\033[38;2;199;213;241m0\033[38;2;201;214;239m1\033[38;2;198;204;232m11\033[38;2;203;218;244m0\033[38;2;207;229;252m0\033[38;2;208;230;253m0\033[38;2;201;224;249m0\033[38;2;197;218;245m1\033[38;2;198;218;245m01\033[0m\n\
\033[38;2;231;171;173m1\033[38;2;212;156;164m0\033[38;2;193;142;155m0\033[38;2;182;133;149m0\033[38;2;177;128;146m1\033[38;2;176;125;142m1\033[38;2;174;124;141m1\033[38;2;176;120;138m0\033[38;2;179;119;135m1\033[38;2;184;116;131m0\033[38;2;189;109;124m0\033[38;2;189;114;124m1\033[38;2;150;93;99m1\033[38;2;125;73;79m0\033[38;2;120;68;73m0\033[38;2;117;65;71m1\033[38;2;114;62;68m0\033[38;2;114;61;68m1\033[38;2;113;62;68m1\033[38;2;114;64;69m1\033[38;2;114;65;71m0\033[38;2;114;66;72m0\033[38;2;116;68;73m0\033[38;2;117;69;75m1\033[38;2;119;69;76m1\033[38;2;119;71;78m1\033[38;2;119;69;76m0\033[38;2;117;69;75m0\033[38;2;117;68;75m1\033[38;2;116;66;73m1\033[38;2;114;65;72m1\033[38;2;114;65;71m0\033[38;2;113;64;69m10\033[38;2;113;64;68m0\033[38;2;113;64;69m0\033[38;2;116;64;69m1\033[38;2;116;65;69m110\033[38;2;117;65;71m0\033[38;2;116;65;71m1\033[38;2;117;65;71m0\033[38;2;119;66;71m0\033[38;2;120;68;73m0\033[38;2;124;69;75m0\033[38;2;128;75;81m0\033[38;2;131;81;88m1\033[38;2;136;85;94m0\033[38;2;142;90;102m0\033[38;2;146;93;105m00\033[38;2;146;91;105m1\033[38;2;144;90;103m0\033[38;2;147;91;106m0\033[38;2;152;93;108m1\033[38;2;125;73;87m0\033[38;2;37;26;28m1\033[38;2;69;61;62m0\033[38;2;111;99;103m1\033[38;2;85;76;79m0\033[38;2;81;72;75m0\033[38;2;84;69;73m0\033[38;2;93;81;85m0\033[38;2;22;18;19m1\033[38;2;4;2;2m1\033[38;2;6;5;4m1\033[38;2;0;0;0m11100\033[38;2;4;4;2m0\033[38;2;15;14;8m0\033[38;2;14;12;8m0\033[38;2;6;4;3m1\033[38;2;2;1;1m0\033[38;2;1;0;0m1\033[38;2;1;1;1m01\033[38;2;1;0;1m0\033[38;2;3;1;2m1\033[38;2;8;2;8m1\033[38;2;15;4;16m0\033[38;2;22;6;23m0\033[38;2;26;8;30m0\033[38;2;30;9;38m1\033[38;2;38;12;47m0\033[38;2;47;16;58m0\033[38;2;54;19;68m1\033[38;2;61;22;75m0\033[38;2;66;24;82m1\033[38;2;69;27;88m0\033[38;2;94;71;113m0\033[38;2;102;97;120m1\033[38;2;93;85;106m1\033[38;2;90;84;106m0\033[38;2;109;105;130m0\033[38;2;142;138;168m0\033[38;2;142;139;171m0\033[38;2;138;135;168m0\033[38;2;138;133;164m0\033[38;2;136;130;159m1\033[38;2;138;130;159m0\033[38;2;146;136;162m1\033[38;2;100;72;81m0\033[38;2;66;31;28m1\033[38;2;69;33;29m1\033[38;2;76;37;31m1\033[38;2;81;39;33m0\033[38;2;87;41;37m0\033[38;2;91;46;40m1\033[38;2;100;51;43m0\033[38;2;109;57;49m0\033[38;2;119;65;56m1\033[38;2;128;72;62m1\033[38;2;136;79;68m0\033[38;2;144;85;73m1\033[38;2;149;90;76m0\033[38;2;149;90;78m0\033[38;2;147;88;76m01\033[38;2;147;88;78m1\033[38;2;146;88;79m0\033[38;2;144;88;79m1\033[38;2;144;87;79m0\033[38;2;141;85;78m1\033[38;2;139;84;76m0\033[38;2;138;85;76m0\033[38;2;139;87;78m0\033[38;2;138;85;78m1\033[38;2;131;82;76m1\033[38;2;116;72;64m0\033[38;2;131;103;105m0\033[38;2;199;216;241m0\033[38;2;197;216;246m0\033[38;2;186;197;232m1\033[38;2;195;209;241m0\033[38;2;203;221;247m0\033[38;2;202;220;247m01\033[38;2;195;215;245m0\033[38;2;190;210;243m1\033[38;2;186;204;240m0\033[38;2;183;197;235m0\033[38;2;180;190;228m1\033[38;2;187;198;234m0\033[38;2;199;222;249m0\033[38;2;194;217;249m0\033[38;2;190;212;246m1\033[38;2;187;208;242m0\033[38;2;186;202;237m0\033[38;2;184;197;230m1\033[38;2;186;195;229m1\033[38;2;191;206;238m1\033[38;2;201;220;249m1\033[38;2;202;223;252m0\033[38;2;195;216;248m0\033[38;2;190;210;243m1\033[38;2;190;208;241m1\033[38;2;189;207;240m1\033[38;2;189;206;238m0\033[38;2;193;208;239m1\033[38;2;197;213;241m0\033[38;2;201;216;243m0\033[38;2;199;214;241m1\033[38;2;199;210;237m1\033[38;2;198;204;232m1\033[38;2;201;207;234m0\033[38;2;206;222;245m1\033[38;2;209;231;252m1\033[38;2;206;229;252m1\033[38;2;198;222;247m1\033[38;2;197;218;245m1\033[38;2;197;217;245m0\033[0m\n\
\033[38;2;210;159;168m0\033[38;2;191;144;156m1\033[38;2;180;135;149m1\033[38;2;176;130;147m0\033[38;2;174;127;142m0\033[38;2;171;122;139m1\033[38;2;171;117;133m0\033[38;2;173;116;130m1\033[38;2;176;111;125m0\033[38;2;177;105;119m1\033[38;2;184;105;117m1\033[38;2;146;90;100m0\033[38;2;117;73;84m1\033[38;2;122;75;85m1\033[38;2;122;76;85m0\033[38;2;124;76;87m0\033[38;2;124;76;85m1\033[38;2;122;76;85m10\033[38;2;122;78;85m1\033[38;2;124;78;87m1\033[38;2;125;78;87m0\033[38;2;125;79;88m0\033[38;2;127;79;88m1\033[38;2;125;78;88m0\033[38;2;124;78;87m0\033[38;2;124;76;85m0\033[38;2;120;75;81m0\033[38;2;119;73;79m1\033[38;2;119;72;79m1\033[38;2;119;71;81m1\033[38;2;119;69;79m0\033[38;2;119;69;78m1\033[38;2;117;69;76m0\033[38;2;117;68;75m00\033[38;2;120;69;75m1\033[38;2;122;69;75m101\033[38;2;122;71;75m1\033[38;2;124;71;76m0\033[38;2;125;73;79m1\033[38;2;128;76;82m0\033[38;2;133;79;85m0\033[38;2;138;84;90m0\033[38;2;141;87;96m1\033[38;2;142;91;99m1\033[38;2;144;93;103m1\033[38;2;147;96;108m0\033[38;2;149;96;109m0\033[38;2;147;96;111m1\033[38;2;146;96;113m0\033[38;2;147;96;114m1\033[38;2;147;96;113m1\033[38;2;147;94;113m1\033[38;2;146;91;109m0\033[38;2;106;76;85m1\033[38;2;120;108;113m1\033[38;2;149;138;147m1\033[38;2;150;139;147m1\033[38;2;124;113;116m0\033[38;2;105;91;94m0\033[38;2;103;91;94m0\033[38;2;64;56;57m1\033[38;2;14;12;12m1\033[38;2;6;5;4m0\033[38;2;4;3;3m1\033[38;2;1;1;1m0\033[38;2;0;0;0m1\033[38;2;1;1;1m1\033[38;2;10;10;5m0\033[38;2;17;14;8m1\033[38;2;10;8;5m1\033[38;2;4;2;2m0\033[38;2;1;0;0m0\033[38;2;0;0;0m11\033[38;2;2;0;2m0\033[38;2;6;2;6m0\033[38;2;12;3;13m0\033[38;2;18;5;20m0\033[38;2;23;6;26m0\033[38;2;27;8;32m0\033[38;2;32;10;40m1\033[38;2;40;13;51m0\033[38;2;48;17;61m1\033[38;2;56;21;69m1\033[38;2;62;23;76m1\033[38;2;68;25;82m1\033[38;2;71;27;87m0\033[38;2;72;28;90m1\033[38;2;78;31;97m1\033[38;2;85;41;106m1\033[38;2;109;91;130m0\033[38;2;119;111;139m0\033[38;2;103;93;120m0\033[38;2;93;84;109m0\033[38;2;122;114;144m1\033[38;2;156;152;186m1\033[38;2;156;155;189m1\033[38;2;152;149;183m1\033[38;2;149;144;176m0\033[38;2;147;141;171m0\033[38;2;149;142;170m1\033[38;2;159;152;179m1\033[38;2;133;108;120m0\033[38;2;90;49;46m1\033[38;2;91;47;43m0\033[38;2;93;48;42m1\033[38;2;94;47;42m1\033[38;2;94;48;42m00\033[38;2;99;52;45m0\033[38;2;108;57;49m1\033[38;2;116;64;56m1\033[38;2;127;73;64m1\033[38;2;138;82;73m1\033[38;2;147;91;82m1\033[38;2;150;94;85m0\033[38;2;153;97;88m0\033[38;2;155;99;90m0\033[38;2;150;96;87m0\033[38;2;147;93;87m0\033[38;2;146;91;85m00\033[38;2;144;90;84m1\033[38;2;139;87;79m0\033[38;2;136;85;78m1\033[38;2;138;85;79m0\033[38;2;136;85;79m0\033[38;2;125;78;71m1\033[38;2;141;113;117m1\033[38;2;197;210;236m1\033[38;2;208;227;251m1\033[38;2;197;214;245m0\033[38;2;194;208;240m0\033[38;2;201;217;245m0\033[38;2;202;220;247m0\033[38;2;202;221;247m0\033[38;2;198;216;246m0\033[38;2;190;208;242m1\033[38;2;194;214;245m1\033[38;2;189;208;242m1\033[38;2;183;198;236m0\033[38;2;180;191;228m0\033[38;2;184;191;230m1\033[38;2;198;218;247m0\033[38;2;197;220;249m1\033[38;2;193;214;246m1\033[38;2;190;210;243m0\033[38;2;187;207;241m1\033[38;2;187;202;236m1\033[38;2;187;199;229m1\033[38;2;190;199;229m0\033[38;2;197;209;241m0\033[38;2;203;223;250m1\033[38;2;201;222;250m0\033[38;2;195;214;246m0\033[38;2;191;210;243m1\033[38;2;193;212;243m1\033[38;2;191;207;240m0\033[38;2;191;204;238m0\033[38;2;193;208;239m1\033[38;2;201;216;243m1\033[38;2;203;218;245m0\033[38;2;199;214;241m1\033[38;2;199;208;236m1\033[38;2;198;202;232m1\033[38;2;201;209;236m0\033[38;2;204;223;246m1\033[38;2;207;230;252m0\033[38;2;204;228;251m0\033[38;2;199;222;247m0\033[38;2;195;218;245m1\033[0m\n\
"
echo ""
